ts_entry,ts_exit,symbol,setup,side,entry,sl,tp,pnl_usdt,risk_usdt,r_multiple,exit_reason,partial
2025-08-31T05:15:00+00:00,2025-08-31T08:20:00+00:00,BTCUSDT,V3_TREND_BREAKOUT,SHORT,108591.4771,108818.65281847258,108250.71352229115,-0.6584043251633273,0.41840432516332726,-1.5736078371233715,SL,0
2025-08-31T13:00:00+00:00,2025-08-31T15:00:00+00:00,BTCUSDT,V3_TREND_BREAKOUT,SHORT,108187.97895,108551.67294488072,107642.43795767894,-0.9123371642773666,0.6723371642773666,-1.3569637568048971,SL,0
2025-08-31T23:00:00+00:00,2025-09-01T00:20:00+00:00,BTCUSDT,V3_TREND_BREAKOUT,SHORT,108569.8879,108569.8879,107843.676653303,1.0977765432822175,0.0,,TP,0
2025-08-31T23:15:00+00:00,2025-09-01T00:20:00+00:00,BTCUSDT,V3_TREND_BREAKOUT,SHORT,108421.46214999999,108421.46214999999,107813.55464235277,0.881378545524848,0.0,,TP,0
2025-08-31T23:30:00+00:00,2025-09-01T00:40:00+00:00,BTCUSDT,V3_TREND_BREAKOUT,SHORT,108138.00395000001,108138.00395000001,107472.28419468473,-0.24,0.0,,SL,0
2025-09-01T00:00:00+00:00,2025-09-01T04:45:00+00:00,BTCUSDT,V3_TREND_BREAKOUT,SHORT,107995.975,107995.975,107222.48244911594,1.1924469979257428,0.0,,TP,0
2025-09-01T00:15:00+00:00,2025-09-01T00:45:00+00:00,BTCUSDT,V3_TREND_BREAKOUT,SHORT,107839.0535,108272.02693626158,107189.59334560762,-1.042999325771318,0.802999325771318,-1.2988794539391035,SL,0
2025-09-01T02:30:00+00:00,2025-09-01T06:20:00+00:00,BTCUSDT,V3_TREND_BREAKOUT,SHORT,107470.6378,107961.53399773478,106734.29350339783,-1.153544774244894,0.9135447742448942,-1.2627129033695978,SL,0
2025-09-01T21:15:00+00:00,2025-09-01T22:50:00+00:00,BTCUSDT,V3_TREND_BREAKOUT,SHORT,108270.13785,108270.13785,107380.71941889633,-0.24,0.0,,SL,0
2025-09-01T21:30:00+00:00,2025-09-01T22:55:00+00:00,BTCUSDT,V3_TREND_BREAKOUT,SHORT,107671.3374,108424.46322282607,106541.6486657609,-1.6389346487416627,1.3989346487416627,-1.1715591219474615,SL,0
2025-09-11T13:45:00+00:00,2025-09-11T14:15:00+00:00,BTCUSDT,V3_TREND_BREAKOUT,LONG,114006.975,114006.975,114954.96600536816,-0.24,0.0,,SL,0
2025-09-11T22:15:00+00:00,2025-09-11T22:20:00+00:00,BTCUSDT,V3_TREND_BREAKOUT,LONG,114639.6912,114639.6912,115158.85518432684,-0.24,0.0,,SL,0
2025-09-11T23:00:00+00:00,2025-09-12T00:35:00+00:00,BTCUSDT,V3_TREND_BREAKOUT,LONG,115230.78659999999,115230.78659999999,115851.51822156194,0.8373711433849578,0.0,,TP,0
2025-09-11T23:45:00+00:00,2025-09-12T00:20:00+00:00,BTCUSDT,V3_TREND_BREAKOUT,LONG,115449.59594999999,115449.59594999999,115906.07385177535,-0.24,0.0,,SL,0
2025-09-12T00:15:00+00:00,2025-09-12T00:45:00+00:00,BTCUSDT,V3_TREND_BREAKOUT,LONG,115487.41485,115487.41485,116019.00672742366,0.6806057268042889,0.0,,TP,0
2025-09-12T00:30:00+00:00,2025-09-12T00:45:00+00:00,BTCUSDT,V3_TREND_BREAKOUT,LONG,115878.01005000001,115878.01005000001,116432.45047010774,-0.24,0.0,,SL,0
2025-09-12T17:00:00+00:00,2025-09-12T18:10:00+00:00,BTCUSDT,V3_TREND_BREAKOUT,LONG,115442.59245,115442.59245,115971.30379925123,0.6759727584603962,0.0,,TP,0
2025-09-12T17:15:00+00:00,2025-09-12T18:30:00+00:00,BTCUSDT,V3_TREND_BREAKOUT,LONG,115677.91005,115677.91005,116256.2676082333,0.7599446877685004,0.0,,TP,0
2025-09-12T18:00:00+00:00,2025-09-12T19:25:00+00:00,BTCUSDT,V3_TREND_BREAKOUT,LONG,115863.3027,115863.3027,116477.81867990654,0.8207603366834528,0.0,,TP,0
2025-09-12T18:15:00+00:00,2025-09-12T20:15:00+00:00,BTCUSDT,V3_TREND_BREAKOUT,LONG,116091.2166,116091.2166,116649.22757777036,-0.24,0.0,,SL,0
2025-09-12T18:30:00+00:00,2025-09-12T20:20:00+00:00,BTCUSDT,V3_TREND_BREAKOUT,LONG,116436.3891,115900.6371899517,117240.01696507246,-1.1602482388700324,0.9202482388700323,-1.2607991951114135,SL,0
2025-09-12T19:15:00+00:00,2025-09-12T20:20:00+00:00,BTCUSDT,V3_TREND_BREAKOUT,LONG,116394.9684,115942.35878510344,117073.88282234484,-1.0177133687448279,0.7777133687448279,-1.308596983985684,SL,0
2025-09-12T19:45:00+00:00,2025-09-12T20:10:00+00:00,BTCUSDT,V3_TREND_BREAKOUT,LONG,116491.91685,116133.30476878818,117029.83497181772,-0.8556857761617594,0.6156857761617595,-1.389809232716373,SL,0
2025-09-13T10:00:00+00:00,2025-09-13T13:40:00+00:00,BTCUSDT,V3_TREND_BREAKOUT,LONG,115985.66385,115788.33816683332,116281.65237475002,-0.5802587468428416,0.34025874684284163,-1.7053455707660352,SL,0
2025-09-13T20:00:00+00:00,2025-09-14T04:05:00+00:00,BTCUSDT,V3_TREND_BREAKOUT,LONG,115914.82845,115573.430420252,116426.925494622,-0.8290497951179103,0.5890497951179103,-1.4074358432667973,SL,0
2025-09-14T02:00:00+00:00,2025-09-14T02:35:00+00:00,BTCUSDT,V3_TREND_BREAKOUT,LONG,115972.9575,115739.66419675677,116322.89745486485,-0.6423236248730378,0.40232362487303786,-1.596534692875014,SL,0
2025-09-14T08:30:00+00:00,2025-09-14T11:30:00+00:00,BTCUSDT,V3_TREND_BREAKOUT,LONG,115946.14409999999,115714.95221916492,116292.9319212526,-0.6387918401765544,0.3987918401765544,-1.6018177300060765,SL,0
2025-09-14T09:15:00+00:00,2025-09-14T11:30:00+00:00,BTCUSDT,V3_TREND_BREAKOUT,LONG,115975.65884999999,115790.26983436782,116253.74237344824,-0.5597033195938981,0.31970331959389814,-1.7506959899723875,SL,0
2025-09-14T09:30:00+00:00,2025-09-14T11:25:00+00:00,BTCUSDT,V3_TREND_BREAKOUT,LONG,116108.025,115850.42913191298,116494.4188021305,-0.6837175950361913,0.44371759503619135,-1.5408845686645007,SL,0
2025-09-14T20:00:00+00:00,2025-09-14T23:10:00+00:00,BTCUSDT,V3_TREND_BREAKOUT,LONG,115681.812,115681.812,116053.7901221288,-0.24,0.0,,SL,0
2025-09-14T20:30:00+00:00,2025-09-14T23:05:00+00:00,BTCUSDT,V3_TREND_BREAKOUT,LONG,115726.73444999999,115726.73444999999,116081.94026091714,-0.24,0.0,,SL,0
2025-09-14T21:15:00+00:00,2025-09-14T23:10:00+00:00,BTCUSDT,V3_TREND_BREAKOUT,LONG,115919.43075,115610.37448090136,116383.01515364795,-0.7732259951572282,0.5332259951572282,-1.4500905848171057,SL,0
2025-09-14T21:30:00+00:00,2025-09-14T23:10:00+00:00,BTCUSDT,V3_TREND_BREAKOUT,LONG,115912.3272,115683.30487512269,116255.86068731596,-0.6351647428873481,0.3951647428873482,-1.607341632369308,SL,0
2025-09-15T04:15:00+00:00,2025-09-15T04:20:00+00:00,BTCUSDT,V3_TREND_BREAKOUT,LONG,115647.9951,115647.9951,116255.4459821597,-0.24,0.0,,SL,0
2025-09-15T05:15:00+00:00,2025-09-15T06:05:00+00:00,BTCUSDT,V3_TREND_BREAKOUT,LONG,116201.8719,116201.8719,116732.13750376701,0.6726627567985151,0.0,,TP,0
2025-09-15T05:45:00+00:00,2025-09-15T06:45:00+00:00,BTCUSDT,V3_TREND_BREAKOUT,LONG,116435.28855000001,116057.42751569174,117002.08010146242,-0.8890489936751552,0.6490489936751552,-1.369771777383139,SL,0
2025-09-15T06:00:00+00:00,2025-09-15T06:35:00+00:00,BTCUSDT,V3_TREND_BREAKOUT,LONG,116570.95635,116188.61840742805,117144.4632638579,-0.8959746175951259,0.6559746175951259,-1.3658678149466605,SL,0
2025-09-16T15:45:00+00:00,2025-09-16T17:00:00+00:00,BTCUSDT,V3_TREND_BREAKOUT,LONG,115483.3128,115483.3128,116157.10620174356,0.9269104139928377,0.0,,TP,0
2025-09-16T16:45:00+00:00,2025-09-16T17:10:00+00:00,BTCUSDT,V3_TREND_BREAKOUT,LONG,115896.9195,115896.9195,116456.24510375879,0.7252122009313375,0.0,,TP,0
2025-09-16T17:00:00+00:00,2025-09-16T17:40:00+00:00,BTCUSDT,V3_TREND_BREAKOUT,LONG,116305.52369999999,116305.52369999999,117153.29872134741,-0.24,0.0,,SL,0
2025-09-16T17:15:00+00:00,2025-09-16T18:40:00+00:00,BTCUSDT,V3_TREND_BREAKOUT,LONG,116683.3125,116209.15175583254,117394.55361625119,-1.0527310306989388,0.8127310306989388,-1.295300647981415,SL,0
2025-09-17T05:45:00+00:00,2025-09-17T10:50:00+00:00,BTCUSDT,V3_TREND_BREAKOUT,LONG,116848.49505000001,116310.7715213925,117655.08034291129,-1.160377328569651,0.9203773285696512,-1.260762616103312,SL,0
2025-09-17T22:45:00+00:00,2025-09-17T23:40:00+00:00,BTCUSDT,V3_TREND_BREAKOUT,LONG,116375.9589,116375.9589,117139.08968605439,-0.24,0.0,,SL,0
2025-09-18T03:00:00+00:00,2025-09-18T06:10:00+00:00,BTCUSDT,V3_TREND_BREAKOUT,LONG,117128.535,117128.535,118020.8390013002,-0.24,0.0,,SL,0
2025-09-18T03:15:00+00:00,2025-09-18T06:10:00+00:00,BTCUSDT,V3_TREND_BREAKOUT,LONG,117658.69995,117075.31811824274,118533.77269763588,-1.231650990543277,0.9916509905432771,-1.242020632549881,SL,0
2025-09-18T14:15:00+00:00,2025-09-18T19:35:00+00:00,BTCUSDT,V3_TREND_BREAKOUT,LONG,117734.93805000001,117203.13987633341,118532.6353104999,-1.1433820928172596,0.9033820928172595,-1.2656683167711942,SL,0
2025-09-18T18:00:00+00:00,2025-09-18T19:35:00+00:00,BTCUSDT,V3_TREND_BREAKOUT,LONG,117581.9616,117232.23587328296,118106.55019007555,-0.8348628887596911,0.5948628887596911,-1.4034543161709212,SL,0
2025-09-23T01:30:00+00:00,2025-09-23T02:50:00+00:00,BTCUSDT,V3_TREND_BREAKOUT,SHORT,112288.52765,112288.52765,111722.44452182652,0.7682652965901389,0.0,,TP,0
2025-09-23T01:45:00+00:00,2025-09-23T03:05:00+00:00,BTCUSDT,V3_TREND_BREAKOUT,SHORT,112129.50720000001,112129.50720000001,111595.93443991034,0.7117080265731593,0.0,,TP,0
2025-09-23T02:15:00+00:00,2025-09-23T02:50:00+00:00,BTCUSDT,V3_TREND_BREAKOUT,SHORT,112213.06539999999,112213.06539999999,111649.61058339206,0.7642588438332298,0.0,,TP,0
2025-09-23T02:45:00+00:00,2025-09-23T03:15:00+00:00,BTCUSDT,V3_TREND_BREAKOUT,SHORT,111847.54825,111847.54825,111276.08673261867,-0.24,0.0,,SL,0
2025-09-23T17:15:00+00:00,2025-09-23T18:20:00+00:00,BTCUSDT,V3_TREND_BREAKOUT,SHORT,112417.26325,112417.26325,111743.78658191836,0.9581730360824083,0.0,,TP,0
2025-09-23T17:30:00+00:00,2025-09-23T19:55:00+00:00,BTCUSDT,V3_TREND_BREAKOUT,SHORT,112171.6861,112171.6861,111481.28810285279,0.9909666033400464,0.0,,TP,0
2025-09-23T19:30:00+00:00,2025-09-23T21:30:00+00:00,BTCUSDT,V3_TREND_BREAKOUT,SHORT,111670.73670000001,112037.84715364678,111120.07101952985,-0.8974872961266593,0.6574872961266593,-1.3650260642507777,SL,0
2025-09-24T03:15:00+00:00,2025-09-24T04:10:00+00:00,BTCUSDT,V3_TREND_BREAKOUT,SHORT,111980.28185,111980.28185,111340.32571860502,0.9029800333101798,0.0,,TP,0
2025-09-24T03:45:00+00:00,2025-09-24T04:10:00+00:00,BTCUSDT,V3_TREND_BREAKOUT,SHORT,111604.7697,111604.7697,110921.58401948599,0.9842947722583084,0.0,,TP,0
2025-09-24T04:00:00+00:00,2025-09-24T04:10:00+00:00,BTCUSDT,V3_TREND_BREAKOUT,SHORT,111448.64779999999,111448.64779999999,110678.50714309412,-0.24,0.0,,SL,0
2025-09-25T04:15:00+00:00,2025-09-25T13:40:00+00:00,BTCUSDT,V3_TREND_BREAKOUT,SHORT,111793.0755,111793.0755,110644.33859423109,1.8151128066405529,0.0,,TP,0
2025-09-25T11:30:00+00:00,2025-09-25T12:30:00+00:00,BTCUSDT,V3_TREND_BREAKOUT,SHORT,111372.18604999999,111372.18604999999,110770.75184458237,-0.24,0.0,,SL,0
2025-09-25T11:45:00+00:00,2025-09-25T13:15:00+00:00,BTCUSDT,V3_TREND_BREAKOUT,SHORT,111260.24205,111260.24205,110644.3999360408,-0.24,0.0,,SL,0
2025-09-25T12:15:00+00:00,2025-09-25T12:30:00+00:00,BTCUSDT,V3_TREND_BREAKOUT,SHORT,111389.8772,111389.8772,110814.99949523417,-0.24,0.0,,SL,0
2025-09-25T13:30:00+00:00,2025-09-25T14:15:00+00:00,BTCUSDT,V3_TREND_BREAKOUT,SHORT,111424.0601,111424.0601,110495.32498408583,-0.24,0.0,,SL,0
2025-09-25T17:00:00+00:00,2025-09-25T17:20:00+00:00,BTCUSDT,V3_TREND_BREAKOUT,SHORT,110723.8104,110723.8104,109826.24428348313,1.3812702819282152,0.0,,TP,0
2025-09-25T17:15:00+00:00,2025-09-25T17:55:00+00:00,BTCUSDT,V3_TREND_BREAKOUT,SHORT,110030.55720000001,110030.55720000001,108795.51712037722,2.0049037995470433,0.0,,TP,0
2025-09-25T17:30:00+00:00,2025-09-25T18:20:00+00:00,BTCUSDT,V3_TREND_BREAKOUT,SHORT,109610.66725,109610.66725,108462.62266535024,-0.24,0.0,,SL,0
2025-09-25T17:45:00+00:00,2025-09-25T19:20:00+00:00,BTCUSDT,V3_TREND_BREAKOUT,SHORT,109048.8483,109879.63528454507,107802.66782318239,-1.7636969440695631,1.5236969440695631,-1.1575116370313092,SL,0
2025-09-26T07:30:00+00:00,2025-09-26T08:30:00+00:00,BTCUSDT,V3_TREND_BREAKOUT,SHORT,108858.1437,109503.00476818052,107890.85209772922,-1.4247732218504012,1.1847732218504012,-1.202570412272792,SL,0
2025-09-26T10:30:00+00:00,2025-09-26T12:30:00+00:00,BTCUSDT,V3_TREND_BREAKOUT,SHORT,108851.7469,109346.41501106146,108109.7447334078,-1.1488841018158413,0.9088841018158414,-1.2640600704979972,SL,0
2025-09-27T08:00:00+00:00,2025-09-27T09:45:00+00:00,BTCUSDT,V3_TREND_BREAKOUT,SHORT,109275.03515,109275.03515,108983.25150760458,-0.24,0.0,,SL,0
2025-09-27T09:00:00+00:00,2025-09-27T10:35:00+00:00,BTCUSDT,V3_TREND_BREAKOUT,SHORT,109125.31005,109351.74238579725,108785.66154630412,-0.654995083530113,0.4149950835301131,-1.5783201043213924,SL,0
2025-09-27T09:15:00+00:00,2025-09-27T09:40:00+00:00,BTCUSDT,V3_TREND_BREAKOUT,SHORT,109059.94275,109241.01792966886,108788.32998049672,-0.5720654221943582,0.33206542219435825,-1.7227491450751764,SL,0
2025-09-27T15:00:00+00:00,2025-09-27T15:40:00+00:00,BTCUSDT,V3_TREND_BREAKOUT,SHORT,109143.401,109339.39571030757,108849.40893453865,-0.5991508208683516,0.35915082086835154,-1.66824293877355,SL,0
2025-09-28T06:15:00+00:00,2025-09-28T07:20:00+00:00,BTCUSDT,V3_TREND_BREAKOUT,SHORT,109247.14910000001,109412.84702836117,108998.60220745827,-0.5433450844735281,0.30334508447352815,-1.791178140949714,SL,0
2025-09-30T18:45:00+00:00,2025-09-30T19:30:00+00:00,BTCUSDT,V3_TREND_BREAKOUT,LONG,113561.5524,113561.5524,114182.88431066964,0.8542645596832181,0.0,,TP,0
2025-09-30T19:00:00+00:00,2025-09-30T20:50:00+00:00,BTCUSDT,V3_TREND_BREAKOUT,LONG,113900.3217,113900.3217,114669.32875276468,1.1103158573865115,0.0,,TP,0
2025-09-30T19:30:00+00:00,2025-09-30T21:55:00+00:00,BTCUSDT,V3_TREND_BREAKOUT,LONG,114130.63680000001,114130.63680000001,114899.23302534304,-0.24,0.0,,SL,0
2025-09-30T19:45:00+00:00,2025-09-30T22:35:00+00:00,BTCUSDT,V3_TREND_BREAKOUT,LONG,114344.9439,113866.636508121,115062.4049878185,-1.0766043579457356,0.8366043579457356,-1.2868739538834282,SL,0
2025-09-30T20:45:00+00:00,2025-09-30T22:20:00+00:00,BTCUSDT,V3_TREND_BREAKOUT,LONG,114421.3821,113972.41445253133,115094.83357120301,-1.0247617975393626,0.7847617975393626,-1.3058252845035592,SL,0
2025-10-01T04:15:00+00:00,2025-10-01T08:30:00+00:00,BTCUSDT,V3_TREND_BREAKOUT,LONG,114522.63269999999,114522.63269999999,115209.7466978668,0.9599619318335966,0.0,,TP,0
2025-10-01T08:15:00+00:00,2025-10-01T08:40:00+00:00,BTCUSDT,V3_TREND_BREAKOUT,LONG,114729.9363,114729.9363,115429.15863258347,0.9789012826697854,0.0,,TP,0
2025-10-01T08:30:00+00:00,2025-10-01T08:45:00+00:00,BTCUSDT,V3_TREND_BREAKOUT,LONG,115195.26885,115195.26885,115827.54230168462,0.8577420479098521,0.0,,TP,0
2025-10-01T08:45:00+00:00,2025-10-01T16:35:00+00:00,BTCUSDT,V3_TREND_BREAKOUT,LONG,116211.37665,116211.37665,117925.11393192146,2.7093451180477874,0.0,,TP,0
2025-10-01T11:45:00+00:00,2025-10-01T14:15:00+00:00,BTCUSDT,V3_TREND_BREAKOUT,LONG,116596.269,116596.269,117242.12378342121,0.86784811376976,0.0,,TP,0
2025-10-01T14:00:00+00:00,2025-10-01T17:10:00+00:00,BTCUSDT,V3_TREND_BREAKOUT,LONG,117224.98319999999,117224.98319999999,118530.04554102369,-0.24,0.0,,SL,0
2025-10-01T15:15:00+00:00,2025-10-01T16:35:00+00:00,BTCUSDT,V3_TREND_BREAKOUT,LONG,117315.32835,117315.32835,118097.70722940093,1.0938050370822334,0.0,,TP,0
2025-10-01T16:00:00+00:00,2025-10-01T17:00:00+00:00,BTCUSDT,V3_TREND_BREAKOUT,LONG,117429.38535,117429.38535,118174.35487303893,-0.24,0.0,,SL,0
2025-10-01T16:15:00+00:00,2025-10-01T16:50:00+00:00,BTCUSDT,V3_TREND_BREAKOUT,LONG,117700.72094999999,117700.72094999999,118293.8623374647,-0.24,0.0,,SL,0
2025-10-01T22:00:00+00:00,2025-10-01T23:15:00+00:00,BTCUSDT,V3_TREND_BREAKOUT,LONG,117741.74145,117741.74145,118506.0733191205,1.0583192871239901,0.0,,TP,0
2025-10-01T23:15:00+00:00,2025-10-02T00:55:00+00:00,BTCUSDT,V3_TREND_BREAKOUT,LONG,118372.5567,118372.5567,119505.18413680143,-0.24,0.0,,SL,0
2025-10-01T23:45:00+00:00,2025-10-02T00:00:00+00:00,BTCUSDT,V3_TREND_BREAKOUT,LONG,118387.164,118387.164,119075.45445596652,0.9227788566107022,0.0,,TP,0
2025-10-02T00:00:00+00:00,2025-10-02T05:50:00+00:00,BTCUSDT,V3_TREND_BREAKOUT,LONG,119083.41195,118220.6820034493,120377.50686982603,-1.688950668146681,1.448950668146681,-1.1656371091687878,SL,0
2025-10-02T09:30:00+00:00,2025-10-02T12:40:00+00:00,BTCUSDT,V3_TREND_BREAKOUT,LONG,118703.42205000001,118703.42205000001,119221.16512955415,0.6323305033886242,0.0,,TP,0
2025-10-02T09:45:00+00:00,2025-10-02T12:40:00+00:00,BTCUSDT,V3_TREND_BREAKOUT,LONG,118782.3615,118782.3615,119277.33803994312,0.593417577647873,0.0,,TP,0
2025-10-02T12:15:00+00:00,2025-10-02T12:40:00+00:00,BTCUSDT,V3_TREND_BREAKOUT,LONG,118875.10785,118875.10785,119299.05424055504,0.47326352206550115,0.0,,TP,0
2025-10-02T12:30:00+00:00,2025-10-02T14:40:00+00:00,BTCUSDT,V3_TREND_BREAKOUT,LONG,119184.06225,119184.06225,119843.48062515826,-0.24,0.0,,SL,0
2025-10-02T12:45:00+00:00,2025-10-02T13:15:00+00:00,BTCUSDT,V3_TREND_BREAKOUT,LONG,119292.0162,118901.93928561632,119877.13157157552,-0.8939866234295075,0.6539866234295075,-1.3669799830789189,SL,0
2025-10-02T13:30:00+00:00,2025-10-02T14:10:00+00:00,BTCUSDT,V3_TREND_BREAKOUT,LONG,119292.31635,119292.31635,120026.60278617032,-0.24,0.0,,SL,0
2025-10-02T15:45:00+00:00,2025-10-02T16:55:00+00:00,BTCUSDT,V3_TREND_BREAKOUT,LONG,119625.88305,119625.88305,120385.78154590382,-0.24,0.0,,SL,0
2025-10-02T16:00:00+00:00,2025-10-02T19:05:00+00:00,BTCUSDT,V3_TREND_BREAKOUT,LONG,119863.80195,119863.80195,120799.82708726783,1.321814529557949,0.0,,TP,0
2025-10-02T18:45:00+00:00,2025-10-02T19:10:00+00:00,BTCUSDT,V3_TREND_BREAKOUT,LONG,120182.86140000001,120182.86140000001,120989.67718787352,1.1026469938807886,0.0,,TP,0
2025-10-02T19:00:00+00:00,2025-10-02T22:50:00+00:00,BTCUSDT,V3_TREND_BREAKOUT,LONG,120650.19494999999,120002.25676464973,121622.10222802538,-1.3140773118829618,1.0740773118829618,-1.2234476022766525,SL,0
2025-10-03T10:15:00+00:00,2025-10-03T12:30:00+00:00,BTCUSDT,V3_TREND_BREAKOUT,LONG,120464.50215,120061.8262905943,121068.51593910856,-0.9085386187946036,0.6685386187946036,-1.3589919763090539,SL,0
2025-10-03T14:45:00+00:00,2025-10-03T15:30:00+00:00,BTCUSDT,V3_TREND_BREAKOUT,LONG,120840.39,120840.39,121663.5711448438,1.1224271567541197,0.0,,TP,0
2025-10-03T15:15:00+00:00,2025-10-03T16:00:00+00:00,BTCUSDT,V3_TREND_BREAKOUT,LONG,121288.31384999999,121288.31384999999,122502.42747438062,1.7620290262788993,0.0,,TP,0
2025-10-03T15:30:00+00:00,2025-10-03T16:10:00+00:00,BTCUSDT,V3_TREND_BREAKOUT,LONG,121793.36625,121793.36625,123111.98041371061,1.925330024631953,0.0,,TP,0
2025-10-03T15:45:00+00:00,2025-10-03T16:00:00+00:00,BTCUSDT,V3_TREND_BREAKOUT,LONG,121811.77545,121811.77545,122681.5166430884,1.1880084004610858,0.0,,TP,0
2025-10-03T16:00:00+00:00,2025-10-03T16:55:00+00:00,BTCUSDT,V3_TREND_BREAKOUT,LONG,122778.1584,122778.1584,124231.25058822497,-0.24,0.0,,SL,0
2025-10-03T16:15:00+00:00,2025-10-03T16:45:00+00:00,BTCUSDT,V3_TREND_BREAKOUT,LONG,123074.00625,123074.00625,124033.53417120888,-0.24,0.0,,SL,0
2025-10-04T04:30:00+00:00,2025-10-04T05:45:00+00:00,BTCUSDT,V3_TREND_BREAKOUT,LONG,122366.7528,122366.7528,122890.56232492664,-0.24,0.0,,SL,0
2025-10-04T05:00:00+00:00,2025-10-04T05:40:00+00:00,BTCUSDT,V3_TREND_BREAKOUT,LONG,122442.5907,122442.5907,122861.67942812553,-0.24,0.0,,SL,0
2025-10-04T21:00:00+00:00,2025-10-05T02:25:00+00:00,BTCUSDT,V3_TREND_BREAKOUT,LONG,121986.5628,121986.5628,122480.57161288001,0.5699397204755285,0.0,,TP,0
2025-10-04T21:15:00+00:00,2025-10-05T02:25:00+00:00,BTCUSDT,V3_TREND_BREAKOUT,LONG,122221.08,122221.08,122758.15642624575,0.6388605472079815,0.0,,TP,0
2025-10-04T23:45:00+00:00,2025-10-05T00:50:00+00:00,BTCUSDT,V3_TREND_BREAKOUT,LONG,122392.1655,122158.76667121083,122742.26374318375,-0.6213950473638279,0.38139504736382784,-1.6292687900874983,SL,0
2025-10-05T02:15:00+00:00,2025-10-05T02:25:00+00:00,BTCUSDT,V3_TREND_BREAKOUT,LONG,122415.5772,122415.5772,122782.90493752145,-0.24,0.0,,SL,0
2025-10-05T02:30:00+00:00,2025-10-05T09:20:00+00:00,BTCUSDT,V3_TREND_BREAKOUT,LONG,124179.2586,124179.2586,126649.12901341278,-0.24,0.0,,SL,0
2025-10-05T04:45:00+00:00,2025-10-05T09:30:00+00:00,BTCUSDT,V3_TREND_BREAKOUT,LONG,125335.6365,123840.94012383094,127577.68106425359,-2.625109962191889,2.385109962191889,-1.1006242914601063,SL,0
2025-10-05T23:00:00+00:00,2025-10-06T00:15:00+00:00,BTCUSDT,V3_TREND_BREAKOUT,LONG,123341.53994999999,123341.53994999999,124009.13773348373,0.8425189692853994,0.0,,TP,0
2025-10-06T00:15:00+00:00,2025-10-06T00:50:00+00:00,BTCUSDT,V3_TREND_BREAKOUT,LONG,124364.45115000001,123139.98857477537,126201.14501283696,-2.2091520589718545,1.9691520589718545,-1.1218798715449685,SL,0
2025-10-06T11:15:00+00:00,2025-10-06T13:05:00+00:00,BTCUSDT,V3_TREND_BREAKOUT,LONG,123922.7304,123922.7304,124681.40820847709,0.9844368826093783,0.0,,TP,0
2025-10-06T13:15:00+00:00,2025-10-06T16:05:00+00:00,BTCUSDT,V3_TREND_BREAKOUT,LONG,124756.64715,124756.64715,125583.08216157882,-0.24,0.0,,SL,0
2025-10-06T13:45:00+00:00,2025-10-06T14:20:00+00:00,BTCUSDT,V3_TREND_BREAKOUT,LONG,124565.65169999999,124565.65169999999,125431.67473179495,-0.24,0.0,,SL,0
2025-10-06T16:45:00+00:00,2025-10-06T17:35:00+00:00,BTCUSDT,V3_TREND_BREAKOUT,LONG,125213.87565,125213.87565,126041.01092679569,-0.24,0.0,,SL,0
2025-10-06T17:15:00+00:00,2025-10-06T19:15:00+00:00,BTCUSDT,V3_TREND_BREAKOUT,LONG,125502.72,125502.72,126288.78895154831,-0.24,0.0,,SL,0
2025-10-06T18:45:00+00:00,2025-10-06T20:25:00+00:00,BTCUSDT,V3_TREND_BREAKOUT,LONG,125749.4433,124974.47060260783,126911.90234608825,-1.4725664067447435,1.2325664067447435,-1.1947156751041508,SL,0
2025-10-07T12:30:00+00:00,2025-10-07T12:55:00+00:00,BTCUSDT,V3_TREND_BREAKOUT,LONG,124474.80630000001,124474.80630000001,125105.82319891444,0.773886934507211,0.0,,TP,0
2025-10-07T12:45:00+00:00,2025-10-07T13:35:00+00:00,BTCUSDT,V3_TREND_BREAKOUT,LONG,124918.82819999999,124290.24062686252,125861.70955970619,-1.2463936432882246,1.0063936432882246,-1.2384752741639342,SL,0
2025-10-11T16:30:00+00:00,2025-10-11T20:15:00+00:00,BTCUSDT,V3_TREND_BREAKOUT,SHORT,111584.9796,111584.9796,110689.848140246,1.36439418094226,0.0,,TP,0
2025-10-11T20:15:00+00:00,2025-10-11T21:05:00+00:00,BTCUSDT,V3_TREND_BREAKOUT,SHORT,110579.58254999999,110579.58254999999,109528.5769442175,1.6609035511727905,0.0,,TP,0
2025-10-11T20:30:00+00:00,2025-10-11T21:05:00+00:00,BTCUSDT,V3_TREND_BREAKOUT,SHORT,110399.27275,110399.27275,109548.94740355911,1.3004546157952688,0.0,,TP,0
2025-10-14T05:30:00+00:00,2025-10-14T06:45:00+00:00,BTCUSDT,V3_TREND_BREAKOUT,SHORT,112645.4491,112645.4491,111425.81396630249,1.9254405809413313,0.0,,TP,0
2025-10-14T06:15:00+00:00,2025-10-14T06:45:00+00:00,BTCUSDT,V3_TREND_BREAKOUT,SHORT,112340.4017,112340.4017,111539.93302267368,1.1850771142227878,0.0,,TP,0
2025-10-14T06:30:00+00:00,2025-10-14T06:50:00+00:00,BTCUSDT,V3_TREND_BREAKOUT,SHORT,112021.7611,112021.7611,110869.97946748271,-0.24,0.0,,SL,0
2025-10-14T10:00:00+00:00,2025-10-14T10:30:00+00:00,BTCUSDT,V3_TREND_BREAKOUT,SHORT,111057.6434,111057.6434,110091.66667782216,1.4995952094871223,0.0,,TP,0
2025-10-14T10:15:00+00:00,2025-10-14T11:15:00+00:00,BTCUSDT,V3_TREND_BREAKOUT,SHORT,110478.733,111337.58303277678,109190.45795083483,-1.794778932478857,1.554778932478857,-1.154362781091558,SL,0
2025-10-15T03:15:00+00:00,2025-10-15T08:15:00+00:00,BTCUSDT,V3_TREND_BREAKOUT,SHORT,112227.0584,112890.37513779735,111232.08329330396,-1.4220976995283319,1.1820976995283319,-1.2030289036987063,SL,0
2025-10-15T12:15:00+00:00,2025-10-15T13:35:00+00:00,BTCUSDT,V3_TREND_BREAKOUT,SHORT,111763.2904,111763.2904,110900.76104606685,-0.24,0.0,,SL,0
2025-10-15T17:00:00+00:00,2025-10-15T18:20:00+00:00,BTCUSDT,V3_TREND_BREAKOUT,SHORT,110531.40664999999,111217.69870860498,109501.96856209252,-1.4818046226049504,1.2418046226049504,-1.193267117573253,SL,0
2025-10-16T00:30:00+00:00,2025-10-16T01:50:00+00:00,BTCUSDT,V3_TREND_BREAKOUT,SHORT,110481.13179999999,111134.78441978875,109500.65287031684,-1.4232837139504357,1.1832837139504357,-1.202825406257601,SL,0
2025-10-16T07:45:00+00:00,2025-10-16T09:30:00+00:00,BTCUSDT,V3_TREND_BREAKOUT,SHORT,110686.42910000001,110686.42910000001,109880.47466116151,1.2162841088862926,0.0,,TP,0
2025-10-16T15:30:00+00:00,2025-10-16T15:40:00+00:00,BTCUSDT,V3_TREND_BREAKOUT,SHORT,110008.46825,110008.46825,108912.83432030844,1.7519083450951847,0.0,,TP,0
2025-10-16T15:45:00+00:00,2025-10-17T00:40:00+00:00,BTCUSDT,V3_TREND_BREAKOUT,SHORT,108638.6535,108638.6535,106840.34289564352,-0.24,0.0,,SL,0
2025-10-16T16:15:00+00:00,2025-10-17T07:40:00+00:00,BTCUSDT,V3_TREND_BREAKOUT,SHORT,107950.9975,107950.9975,105705.37204394772,3.920453368765359,0.0,,TP,0
2025-10-17T06:15:00+00:00,2025-10-17T06:45:00+00:00,BTCUSDT,V3_TREND_BREAKOUT,SHORT,107892.72665,107892.72665,106783.38634357686,1.8163764414292685,0.0,,TP,0
2025-10-17T06:30:00+00:00,2025-10-17T06:45:00+00:00,BTCUSDT,V3_TREND_BREAKOUT,SHORT,107573.68625,107573.68625,106627.74107796422,1.5186924925811502,0.0,,TP,0
2025-10-17T06:45:00+00:00,2025-10-17T08:00:00+00:00,BTCUSDT,V3_TREND_BREAKOUT,SHORT,106556.59504999999,106556.59504999999,105084.21840275245,2.52355798823461,0.0,,TP,0
2025-10-17T07:00:00+00:00,2025-10-17T07:40:00+00:00,BTCUSDT,V3_TREND_BREAKOUT,SHORT,106617.36465,106617.36465,105631.55091862734,1.6092554840552644,0.0,,TP,0
2025-10-17T07:30:00+00:00,2025-10-17T08:15:00+00:00,BTCUSDT,V3_TREND_BREAKOUT,SHORT,105876.73515,105876.73515,104640.36716389292,2.095485665203893,0.0,,TP,0
2025-10-17T07:45:00+00:00,2025-10-17T08:15:00+00:00,BTCUSDT,V3_TREND_BREAKOUT,SHORT,105729.3089,105729.3089,104754.57444682918,1.6038301797522148,0.0,,TP,0
2025-10-17T08:00:00+00:00,2025-10-17T10:20:00+00:00,BTCUSDT,V3_TREND_BREAKOUT,SHORT,105035.6559,105035.6559,103506.29536134138,2.6720788089611256,0.0,,TP,0
2025-10-17T10:15:00+00:00,2025-10-17T11:10:00+00:00,BTCUSDT,V3_TREND_BREAKOUT,SHORT,104114.7166,105217.75292740624,102460.16210889064,-2.3588864810418935,2.1188864810418937,-1.1132670400926752,SL,0
2025-10-18T16:30:00+00:00,2025-10-18T19:40:00+00:00,BTCUSDT,V3_TREND_BREAKOUT,SHORT,106461.64254999999,106982.76404579301,105679.96030631046,-1.2189845118128333,0.9789845118128334,-1.24515198872307,SL,0
2025-10-19T00:30:00+00:00,2025-10-19T03:40:00+00:00,BTCUSDT,V3_TREND_BREAKOUT,SHORT,106901.92229999999,107214.67125136101,106432.79887295846,-0.8251138026935553,0.5851138026935553,-1.4101766167456085,SL,0
2025-10-19T06:30:00+00:00,2025-10-19T08:15:00+00:00,BTCUSDT,V3_TREND_BREAKOUT,SHORT,106616.26520000001,106937.43289446537,106134.51365830196,-0.842474104420906,0.602474104420906,-1.398357370447791,SL,0
2025-10-19T09:15:00+00:00,2025-10-19T09:40:00+00:00,BTCUSDT,V3_TREND_BREAKOUT,SHORT,106245.95045,106640.74864753187,105653.7531537022,-0.9831778733395836,0.7431778733395836,-1.3229374939831338,SL,0
2025-10-22T07:00:00+00:00,2025-10-22T08:25:00+00:00,BTCUSDT,V3_TREND_BREAKOUT,SHORT,107846.05,108319.64199257162,107135.66201114259,-1.118274155746298,0.8782741557462981,-1.273263192853562,SL,0
2025-10-22T21:00:00+00:00,2025-10-23T01:10:00+00:00,BTCUSDT,V3_TREND_BREAKOUT,SHORT,107193.9762,108194.86122976369,105692.64865535448,-2.1074277515300937,1.8674277515300934,-1.1285190282747775,SL,0
2025-10-27T05:00:00+00:00,2025-10-27T07:05:00+00:00,BTCUSDT,V3_TREND_BREAKOUT,LONG,115415.87909999999,115415.87909999999,116098.4675282421,0.9428327844744597,0.0,,TP,0
2025-10-27T05:15:00+00:00,2025-10-27T07:05:00+00:00,BTCUSDT,V3_TREND_BREAKOUT,LONG,115571.35680000001,115571.35680000001,116320.53536551059,1.0564779271511984,0.0,,TP,0
2025-10-27T06:15:00+00:00,2025-10-27T07:30:00+00:00,BTCUSDT,V3_TREND_BREAKOUT,LONG,115705.52385,115705.52385,116524.17798616062,-0.24,0.0,,SL,0
2025-10-27T06:45:00+00:00,2025-10-27T08:25:00+00:00,BTCUSDT,V3_TREND_BREAKOUT,LONG,115984.9635,115366.58162232603,116912.53631651094,-1.3063138720976784,1.0663138720976784,-1.225074442225783,SL,0
2025-10-28T13:00:00+00:00,2025-10-28T13:45:00+00:00,BTCUSDT,V3_TREND_BREAKOUT,LONG,114601.4721,114601.4721,115210.28978919412,0.8224954078476026,0.0,,TP,0
2025-10-28T13:15:00+00:00,2025-10-28T14:10:00+00:00,BTCUSDT,V3_TREND_BREAKOUT,LONG,114913.82819999999,114913.82819999999,115551.43292925165,0.8697093173885919,0.0,,TP,0
2025-10-28T13:45:00+00:00,2025-10-28T14:35:00+00:00,BTCUSDT,V3_TREND_BREAKOUT,LONG,115381.76205,115381.76205,116237.19824001804,-0.24,0.0,,SL,0
2025-10-28T14:00:00+00:00,2025-10-28T14:40:00+00:00,BTCUSDT,V3_TREND_BREAKOUT,LONG,115563.9531,115009.43759546503,116395.72635680245,-1.199668633098996,0.9596686330989961,-1.2500863232603356,SL,0
2025-10-28T14:15:00+00:00,2025-10-28T14:35:00+00:00,BTCUSDT,V3_TREND_BREAKOUT,LONG,116011.87694999999,115363.83491007467,116983.94000988797,-1.357199474678993,1.117199474678993,-1.2148228722260719,SL,0
2025-10-30T12:00:00+00:00,2025-10-30T12:25:00+00:00,BTCUSDT,V3_TREND_BREAKOUT,SHORT,109616.1645,109616.1645,108842.26621279615,1.1720148989592623,0.0,,TP,0
2025-10-30T12:15:00+00:00,2025-10-30T12:40:00+00:00,BTCUSDT,V3_TREND_BREAKOUT,SHORT,109337.70379999999,109337.70379999999,108532.04267973926,1.2337114321230718,0.0,,TP,0
2025-10-30T12:30:00+00:00,2025-10-30T13:15:00+00:00,BTCUSDT,V3_TREND_BREAKOUT,SHORT,108945.5,108945.5,108119.23080975792,1.2768486816657456,0.0,,TP,0
2025-10-30T13:30:00+00:00,2025-10-30T14:40:00+00:00,BTCUSDT,V3_TREND_BREAKOUT,SHORT,108228.2588,108228.2588,107077.51418444124,-0.24,0.0,,SL,0
2025-10-30T17:15:00+00:00,2025-10-30T20:35:00+00:00,BTCUSDT,V3_TREND_BREAKOUT,SHORT,107226.5599,107226.5599,106144.67103856071,-0.24,0.0,,SL,0
2025-10-31T16:45:00+00:00,2025-10-31T18:00:00+00:00,BTCUSDT,V3_TREND_BREAKOUT,SHORT,109385.37995,109385.37995,108168.05021992949,-0.24,0.0,,SL,0
2025-11-01T10:00:00+00:00,2025-11-01T15:05:00+00:00,BTCUSDT,V3_TREND_BREAKOUT,SHORT,109966.88905,109966.88905,109569.87072116122,-0.24,0.0,,SL,0
2025-11-01T13:30:00+00:00,2025-11-01T15:05:00+00:00,BTCUSDT,V3_TREND_BREAKOUT,SHORT,109905.91954999999,110174.21499965903,109503.47637551144,-0.7282274781150114,0.48822747811501144,-1.4915741345133045,SL,0
2025-11-03T02:15:00+00:00,2025-11-03T03:10:00+00:00,BTCUSDT,V3_TREND_BREAKOUT,SHORT,109399.273,109399.273,108582.28094474324,1.253596863768489,0.0,,TP,0
2025-11-03T02:30:00+00:00,2025-11-03T03:50:00+00:00,BTCUSDT,V3_TREND_BREAKOUT,SHORT,108843.85085,108843.85085,107849.42210940443,1.5872575489193457,0.0,,TP,0
2025-11-03T03:00:00+00:00,2025-11-03T03:10:00+00:00,BTCUSDT,V3_TREND_BREAKOUT,SHORT,108953.19615,108953.19615,108163.62584624668,1.2093752026627884,0.0,,TP,0
2025-11-03T03:15:00+00:00,2025-11-03T05:45:00+00:00,BTCUSDT,V3_TREND_BREAKOUT,SHORT,108224.0609,108224.0609,107343.54590187193,1.3872074634894247,0.0,,TP,0
2025-11-03T03:45:00+00:00,2025-11-03T06:45:00+00:00,BTCUSDT,V3_TREND_BREAKOUT,SHORT,107945.90005,107945.90005,106966.90689625689,1.573858892815098,0.0,,TP,0
2025-11-03T04:00:00+00:00,2025-11-03T15:25:00+00:00,BTCUSDT,V3_TREND_BREAKOUT,SHORT,107482.53185,107482.53185,106190.14662688141,2.164828395598663,0.0,,TP,0
2025-11-03T06:00:00+00:00,2025-11-03T06:50:00+00:00,BTCUSDT,V3_TREND_BREAKOUT,SHORT,107503.8212,107503.8212,106687.34185336452,-0.24,0.0,,SL,0
2025-11-03T15:15:00+00:00,2025-11-03T15:25:00+00:00,BTCUSDT,V3_TREND_BREAKOUT,SHORT,107463.94115,107463.94115,106501.25869560974,1.551638095696739,0.0,,TP,0
2025-11-04T05:15:00+00:00,2025-11-04T05:45:00+00:00,BTCUSDT,V3_TREND_BREAKOUT,SHORT,106066.04045,106066.04045,104680.33341261144,2.3729136743664787,0.0,,TP,0
2025-11-04T05:30:00+00:00,2025-11-04T05:55:00+00:00,BTCUSDT,V3_TREND_BREAKOUT,SHORT,105312.41745000001,105312.41745000001,104164.4843206392,1.9400527557081768,0.0,,TP,0
2025-11-04T05:45:00+00:00,2025-11-04T14:35:00+00:00,BTCUSDT,V3_TREND_BREAKOUT,SHORT,104472.63755,104472.63755,102908.96737809354,2.7534539963310394,0.0,,TP,0
2025-11-04T08:00:00+00:00,2025-11-04T14:35:00+00:00,BTCUSDT,V3_TREND_BREAKOUT,SHORT,104166.79054999999,104166.79054999999,102951.07026122094,2.0941801784619702,0.0,,TP,0
2025-11-04T16:15:00+00:00,2025-11-04T17:05:00+00:00,BTCUSDT,V3_TREND_BREAKOUT,SHORT,102793.07775,102793.07775,101438.88715867921,2.3947894643533782,0.0,,TP,0
2025-11-04T16:45:00+00:00,2025-11-04T17:15:00+00:00,BTCUSDT,V3_TREND_BREAKOUT,SHORT,102414.06735,102414.06735,101087.05118337646,2.35147244311362,0.0,,TP,0
2025-11-04T17:00:00+00:00,2025-11-04T18:30:00+00:00,BTCUSDT,V3_TREND_BREAKOUT,SHORT,101713.118,101713.118,100079.26117920673,2.972676698777968,0.0,,TP,0
2025-11-04T21:30:00+00:00,2025-11-04T22:00:00+00:00,BTCUSDT,V3_TREND_BREAKOUT,SHORT,99023.96325,100627.0513545289,96619.33109320665,-3.4777781133273287,3.237778113327329,-1.0741249065252843,SL,0
2025-11-05T08:15:00+00:00,2025-11-05T09:05:00+00:00,BTCUSDT,V3_TREND_BREAKOUT,SHORT,101409.0701,102151.78366620801,100294.99975068797,-1.7047872532025337,1.4647872532025337,-1.1638463193035553,SL,0
2025-11-05T22:00:00+00:00,2025-11-05T23:40:00+00:00,BTCUSDT,V3_TREND_BREAKOUT,SHORT,103359.39445,103997.94464162101,102401.5691625685,-1.4755919750089153,1.2355919750089153,-1.1942388788971119,SL,0
2025-11-06T01:00:00+00:00,2025-11-06T01:35:00+00:00,BTCUSDT,V3_TREND_BREAKOUT,SHORT,103374.98664999999,103374.98664999999,102448.4411243238,-0.24,0.0,,SL,0
2025-11-06T01:15:00+00:00,2025-11-06T03:15:00+00:00,BTCUSDT,V3_TREND_BREAKOUT,SHORT,102897.7254,103621.07769089477,101812.69696365783,-1.6459636169465375,1.4059636169465375,-1.1707014300421446,SL,0
2025-11-06T09:45:00+00:00,2025-11-06T13:20:00+00:00,BTCUSDT,V3_TREND_BREAKOUT,SHORT,102758.69495,103354.15950093495,101865.49812359759,-1.3989570132720923,1.1589570132720923,-1.2070827453059765,SL,0
2025-11-06T12:30:00+00:00,2025-11-06T13:20:00+00:00,BTCUSDT,V3_TREND_BREAKOUT,SHORT,102806.17120000001,103291.33493689867,102078.42559465203,-1.183841660934564,0.9438416609345641,-1.2542799390337984,SL,0
2025-11-06T14:45:00+00:00,2025-11-06T16:35:00+00:00,BTCUSDT,V3_TREND_BREAKOUT,SHORT,102508.81995,102508.81995,101292.31853904642,2.133457057737955,0.0,,TP,0
2025-11-06T15:30:00+00:00,2025-11-06T16:35:00+00:00,BTCUSDT,V3_TREND_BREAKOUT,SHORT,102148.40025,102148.40025,100971.5126530284,2.0642702462128923,0.0,,TP,0
2025-11-06T16:30:00+00:00,2025-11-06T17:10:00+00:00,BTCUSDT,V3_TREND_BREAKOUT,SHORT,101419.265,101419.265,100054.3643243055,-0.24,0.0,,SL,0
2025-11-07T09:00:00+00:00,2025-11-07T10:50:00+00:00,BTCUSDT,V3_TREND_BREAKOUT,SHORT,101274.83725,101274.83725,100512.17748765426,1.2661189591706496,0.0,,TP,0
2025-11-07T09:15:00+00:00,2025-11-07T10:25:00+00:00,BTCUSDT,V3_TREND_BREAKOUT,SHORT,101299.42495,101299.42495,100590.00499746465,1.1606396440759794,0.0,,TP,0
2025-11-07T10:15:00+00:00,2025-11-07T11:15:00+00:00,BTCUSDT,V3_TREND_BREAKOUT,SHORT,100718.81539999999,100718.81539999999,99915.55867883729,1.3550479917235065,0.0,,TP,0
2025-11-07T11:00:00+00:00,2025-11-07T12:45:00+00:00,BTCUSDT,V3_TREND_BREAKOUT,SHORT,100417.46615,100417.46615,99375.8432113358,1.8345851864221603,0.0,,TP,0
2025-11-07T11:15:00+00:00,2025-11-07T13:10:00+00:00,BTCUSDT,V3_TREND_BREAKOUT,SHORT,100027.46125,100027.46125,99128.74683016897,-0.24,0.0,,SL,0
2025-11-07T12:30:00+00:00,2025-11-07T13:10:00+00:00,BTCUSDT,V3_TREND_BREAKOUT,SHORT,99705.62225,100269.63885035092,98859.59734947362,-1.371363683658114,1.131363683658114,-1.2121333780345431,SL,0
2025-11-08T11:45:00+00:00,2025-11-08T14:30:00+00:00,BTCUSDT,V3_TREND_BREAKOUT,SHORT,101865.8416,101865.8416,101195.2696887226,-0.24,0.0,,SL,0
2025-11-08T14:00:00+00:00,2025-11-08T18:55:00+00:00,BTCUSDT,V3_TREND_BREAKOUT,SHORT,101702.9231,102106.31749086338,101097.83151370494,-1.0332798361493327,0.7932798361493327,-1.3025414098068928,SL,0
2025-11-09T03:15:00+00:00,2025-11-09T03:40:00+00:00,BTCUSDT,V3_TREND_BREAKOUT,SHORT,101681.53379999999,101681.53379999999,101174.70660582698,-0.24,0.0,,SL,0
2025-11-09T09:45:00+00:00,2025-11-09T11:10:00+00:00,BTCUSDT,V3_TREND_BREAKOUT,SHORT,101699.125,102075.0425201404,101135.24871978941,-0.9792738534188954,0.7392738534188954,-1.3246428896275446,SL,0
2025-11-12T16:00:00+00:00,2025-11-12T20:30:00+00:00,BTCUSDT,V3_TREND_BREAKOUT,SHORT,101784.48229999999,101784.48229999999,100336.13096474149,-0.24,0.0,,SL,0
2025-11-12T19:00:00+00:00,2025-11-12T19:40:00+00:00,BTCUSDT,V3_TREND_BREAKOUT,SHORT,101361.99365,101361.99365,100468.54734050784,-0.24,0.0,,SL,0
2025-11-13T03:00:00+00:00,2025-11-13T03:15:00+00:00,BTCUSDT,V3_TREND_BREAKOUT,SHORT,101949.5997,101949.5997,101213.59753728987,1.2038549339593685,0.0,,TP,0
2025-11-13T14:30:00+00:00,2025-11-13T14:50:00+00:00,BTCUSDT,V3_TREND_BREAKOUT,SHORT,102280.0344,102992.85569698345,101210.80245452485,-1.6338620595212512,1.3938620595212512,-1.1721834656167,SL,0
2025-11-13T15:30:00+00:00,2025-11-13T17:20:00+00:00,BTCUSDT,V3_TREND_BREAKOUT,SHORT,101752.59825,101752.59825,100255.70682626206,2.7022175934223593,0.0,,TP,0
2025-11-13T15:45:00+00:00,2025-11-13T17:40:00+00:00,BTCUSDT,V3_TREND_BREAKOUT,SHORT,101179.385,101179.385,99745.62647260047,2.5940921965467982,0.0,,TP,0
2025-11-13T16:45:00+00:00,2025-11-13T17:35:00+00:00,BTCUSDT,V3_TREND_BREAKOUT,SHORT,100972.6884,100972.6884,99949.51110233867,1.7866416867263057,0.0,,TP,0
2025-11-13T17:15:00+00:00,2025-11-13T18:15:00+00:00,BTCUSDT,V3_TREND_BREAKOUT,SHORT,100411.1693,100411.1693,99087.89736885324,2.3957066457282092,0.0,,TP,0
2025-11-13T17:30:00+00:00,2025-11-13T18:10:00+00:00,BTCUSDT,V3_TREND_BREAKOUT,SHORT,100338.8055,100338.8055,99322.71828893517,1.7853125518119393,0.0,,TP,0
2025-11-13T17:45:00+00:00,2025-11-13T18:25:00+00:00,BTCUSDT,V3_TREND_BREAKOUT,SHORT,99902.62370000001,99902.62370000001,98723.3956075827,2.1207550007063727,0.0,,TP,0
2025-11-13T18:00:00+00:00,2025-11-13T18:35:00+00:00,BTCUSDT,V3_TREND_BREAKOUT,SHORT,99523.91315,99523.91315,98145.79877846959,2.5294135568269835,0.0,,TP,0
2025-11-13T18:15:00+00:00,2025-11-13T19:25:00+00:00,BTCUSDT,V3_TREND_BREAKOUT,SHORT,99201.5744,99201.5744,97823.14005322178,-0.24,0.0,,SL,0
2025-11-13T18:30:00+00:00,2025-11-13T22:40:00+00:00,BTCUSDT,V3_TREND_BREAKOUT,SHORT,98486.43215,99705.27130038652,96658.17342442021,-2.715141242867184,2.475141242867184,-1.0969641634357747,SL,0
2025-11-14T04:30:00+00:00,2025-11-14T12:40:00+00:00,BTCUSDT,V3_TREND_BREAKOUT,SHORT,97621.46485,97621.46485,94790.81038630777,5.559246032707392,0.0,,TP,0
2025-11-14T12:00:00+00:00,2025-11-14T14:05:00+00:00,BTCUSDT,V3_TREND_BREAKOUT,SHORT,95779.58625,95779.58625,94453.93044245831,-0.24,0.0,,SL,0
2025-11-14T12:30:00+00:00,2025-11-14T14:40:00+00:00,BTCUSDT,V3_TREND_BREAKOUT,SHORT,95137.10764999999,96480.1581491481,93122.53190127782,-3.0633998958409876,2.8233998958409874,-1.0850038991478084,SL,0
2025-11-14T20:30:00+00:00,2025-11-14T23:45:00+00:00,BTCUSDT,V3_TREND_BREAKOUT,SHORT,94909.82135,94909.82135,93709.54745087124,-0.24,0.0,,SL,0
2025-11-15T20:30:00+00:00,2025-11-15T21:10:00+00:00,BTCUSDT,V3_TREND_BREAKOUT,SHORT,95566.69275,95566.69275,95017.07992958985,-0.24,0.0,,SL,0
2025-11-15T20:45:00+00:00,2025-11-16T01:55:00+00:00,BTCUSDT,V3_TREND_BREAKOUT,SHORT,95281.7353,95281.7353,94513.4650149763,-0.24,0.0,,SL,0
2025-11-16T01:30:00+00:00,2025-11-16T02:25:00+00:00,BTCUSDT,V3_TREND_BREAKOUT,SHORT,95097.92725,95692.80483124037,94205.61087813943,-1.4910842211660853,1.2510842211660853,-1.1918336079535121,SL,0
2025-11-16T11:15:00+00:00,2025-11-16T11:40:00+00:00,BTCUSDT,V3_TREND_BREAKOUT,SHORT,95980.9855,95980.9855,95467.36938585064,0.8302455522283638,0.0,,TP,0
2025-11-16T13:15:00+00:00,2025-11-16T13:35:00+00:00,BTCUSDT,V3_TREND_BREAKOUT,SHORT,95746.3029,95746.3029,95236.65354549045,0.8245828383406826,0.0,,TP,0
2025-11-16T13:30:00+00:00,2025-11-16T14:00:00+00:00,BTCUSDT,V3_TREND_BREAKOUT,SHORT,95433.05960000001,95433.05960000001,94936.35984581259,-0.24,0.0,,SL,0
2025-11-16T15:45:00+00:00,2025-11-16T15:50:00+00:00,BTCUSDT,V3_TREND_BREAKOUT,SHORT,95165.99320000001,95165.99320000001,94333.40071820028,-0.24,0.0,,SL,0
2025-11-16T16:15:00+00:00,2025-11-16T17:55:00+00:00,BTCUSDT,V3_TREND_BREAKOUT,SHORT,94390.9809,94390.9809,93694.6616600808,-0.24,0.0,,SL,0
2025-11-16T21:30:00+00:00,2025-11-16T22:25:00+00:00,BTCUSDT,V3_TREND_BREAKOUT,SHORT,93681.23595,93681.23595,92806.49799348513,-0.24,0.0,,SL,0
2025-11-17T13:00:00+00:00,2025-11-17T13:30:00+00:00,BTCUSDT,V3_TREND_BREAKOUT,SHORT,95116.71785,95116.71785,94337.6278291253,1.3981768389093008,0.0,,TP,0
2025-11-17T13:15:00+00:00,2025-11-17T13:30:00+00:00,BTCUSDT,V3_TREND_BREAKOUT,SHORT,94876.63795,94876.63795,94170.77927883065,1.2479504299917061,0.0,,TP,0
2025-11-17T13:30:00+00:00,2025-11-17T14:35:00+00:00,BTCUSDT,V3_TREND_BREAKOUT,SHORT,94172.89,95026.24536905723,92892.85694641416,-2.052316408803489,1.8123164088034889,-1.132427206879648,SL,0
2025-11-17T16:00:00+00:00,2025-11-17T19:25:00+00:00,BTCUSDT,V3_TREND_BREAKOUT,SHORT,93573.48985,93573.48985,92051.24023857017,3.013591618459502,0.0,,TP,0
2025-11-17T17:30:00+00:00,2025-11-17T19:15:00+00:00,BTCUSDT,V3_TREND_BREAKOUT,SHORT,93446.65329999999,93446.65329999999,92227.98267332048,2.3682702454139326,0.0,,TP,0
2025-11-17T18:15:00+00:00,2025-11-17T20:00:00+00:00,BTCUSDT,V3_TREND_BREAKOUT,SHORT,92690.53155,92690.53155,91459.27679155802,2.416700178222208,0.0,,TP,0
2025-11-17T19:00:00+00:00,2025-11-17T22:40:00+00:00,BTCUSDT,V3_TREND_BREAKOUT,SHORT,92346.90345000001,92346.90345000001,91078.08928195265,-0.24,0.0,,SL,0
2025-11-17T19:30:00+00:00,2025-11-17T20:25:00+00:00,BTCUSDT,V3_TREND_BREAKOUT,SHORT,92163.6951,92163.6951,90911.71698992341,-0.24,0.0,,SL,0
2025-11-17T19:45:00+00:00,2025-11-18T00:45:00+00:00,BTCUSDT,V3_TREND_BREAKOUT,SHORT,91865.8441,91865.8441,90827.11597278604,-0.24,0.0,,SL,0
2025-11-17T20:00:00+00:00,2025-11-18T03:20:00+00:00,BTCUSDT,V3_TREND_BREAKOUT,SHORT,91518.71775,91518.71775,90162.55326044417,2.7236876977678754,0.0,,TP,0
2025-11-18T03:00:00+00:00,2025-11-18T08:40:00+00:00,BTCUSDT,V3_TREND_BREAKOUT,SHORT,90291.2318,91421.09697626525,88596.43403560211,-2.7427129517248625,2.5027129517248627,-1.0958959355824616,SL,0
2025-11-18T03:15:00+00:00,2025-11-18T05:20:00+00:00,BTCUSDT,V3_TREND_BREAKOUT,SHORT,90304.92495,90304.92495,89150.29872948768,-0.24,0.0,,SL,0
2025-11-18T21:30:00+00:00,2025-11-18T22:30:00+00:00,BTCUSDT,V3_TREND_BREAKOUT,SHORT,92570.8914,93296.7087210255,91482.16541846174,-1.808132941248753,1.568132941248753,-1.1530482484532725,SL,0
2025-11-18T21:45:00+00:00,2025-11-18T22:10:00+00:00,BTCUSDT,V3_TREND_BREAKOUT,SHORT,92487.5331,93014.52952666652,91697.03846000021,-1.3796053262588734,1.1396053262588735,-1.2105992263022132,SL,0
2025-11-19T00:15:00+00:00,2025-11-19T05:35:00+00:00,BTCUSDT,V3_TREND_BREAKOUT,SHORT,91919.91704999999,91919.91704999999,90438.65760074335,2.9829346953194245,0.0,,TP,0
2025-11-19T03:30:00+00:00,2025-11-19T05:00:00+00:00,BTCUSDT,V3_TREND_BREAKOUT,SHORT,92013.97,92013.97,91057.48304225327,1.8390037811578666,0.0,,TP,0
2025-11-19T04:30:00+00:00,2025-11-19T05:40:00+00:00,BTCUSDT,V3_TREND_BREAKOUT,SHORT,91372.8907,91372.8907,90364.26794884412,1.9677067791746745,0.0,,TP,0
2025-11-19T04:45:00+00:00,2025-11-19T05:35:00+00:00,BTCUSDT,V3_TREND_BREAKOUT,SHORT,91325.1146,91325.1146,90547.6033274981,1.4627326511603391,0.0,,TP,0
2025-11-19T05:00:00+00:00,2025-11-19T05:45:00+00:00,BTCUSDT,V3_TREND_BREAKOUT,SHORT,91034.46,91034.46,90178.91562553396,1.6396055350161778,0.0,,TP,0
2025-11-19T05:30:00+00:00,2025-11-19T07:05:00+00:00,BTCUSDT,V3_TREND_BREAKOUT,SHORT,90558.39815,91190.51669824749,89610.22032762875,-1.636046222461804,1.396046222461804,-1.171914078587442,SL,0
2025-11-19T15:30:00+00:00,2025-11-19T17:35:00+00:00,BTCUSDT,V3_TREND_BREAKOUT,SHORT,90622.96585000001,90622.96585000001,89036.92390132703,3.26030907462952,0.0,,TP,0
2025-11-19T15:45:00+00:00,2025-11-19T19:35:00+00:00,BTCUSDT,V3_TREND_BREAKOUT,SHORT,90182.0864,90182.0864,88724.93889944651,2.9915675068557483,0.0,,TP,0
2025-11-19T16:15:00+00:00,2025-11-19T20:55:00+00:00,BTCUSDT,V3_TREND_BREAKOUT,SHORT,89641.65675,89641.65675,88089.98917095133,-0.24,0.0,,SL,0
2025-11-19T17:00:00+00:00,2025-11-19T21:20:00+00:00,BTCUSDT,V3_TREND_BREAKOUT,SHORT,89540.2075,90604.38449727769,87943.94200408348,-2.6169813070350143,2.3769813070350145,-1.1009684002519018,SL,0
2025-11-19T19:30:00+00:00,2025-11-19T20:35:00+00:00,BTCUSDT,V3_TREND_BREAKOUT,SHORT,88813.9708,89483.16393597657,87810.18109603514,-1.746954660283184,1.506954660283184,-1.1592615931489934,SL,0
2025-11-20T06:30:00+00:00,2025-11-20T13:30:00+00:00,BTCUSDT,V3_TREND_BREAKOUT,SHORT,92199.27729999999,92199.27729999999,91216.19026342547,-0.24,0.0,,SL,0
2025-11-20T09:30:00+00:00,2025-11-20T09:55:00+00:00,BTCUSDT,V3_TREND_BREAKOUT,SHORT,91839.2574,91839.2574,91252.28794965064,-0.24,0.0,,SL,0
2025-11-20T14:00:00+00:00,2025-11-20T16:00:00+00:00,BTCUSDT,V3_TREND_BREAKOUT,SHORT,90968.79285,90968.79285,89569.42893697432,2.8365801527851717,0.0,,TP,0
2025-11-20T15:00:00+00:00,2025-11-20T16:00:00+00:00,BTCUSDT,V3_TREND_BREAKOUT,SHORT,90836.15920000001,90836.15920000001,89612.91387090794,2.4533004210333615,0.0,,TP,0
2025-11-20T15:45:00+00:00,2025-11-20T16:05:00+00:00,BTCUSDT,V3_TREND_BREAKOUT,SHORT,90307.12385,90307.12385,89107.18393928016,2.417464571040794,0.0,,TP,0
2025-11-20T16:00:00+00:00,2025-11-20T16:55:00+00:00,BTCUSDT,V3_TREND_BREAKOUT,SHORT,89289.333,89289.333,87490.94793468871,3.788219284180988,0.0,,TP,0
2025-11-20T16:30:00+00:00,2025-11-20T17:10:00+00:00,BTCUSDT,V3_TREND_BREAKOUT,SHORT,88501.3272,88501.3272,86963.86090031831,3.2344480073326887,0.0,,TP,0
2025-11-20T16:45:00+00:00,2025-11-20T17:35:00+00:00,BTCUSDT,V3_TREND_BREAKOUT,SHORT,87974.09095000001,87974.09095000001,86370.66721100989,3.405218090179366,0.0,,TP,0
2025-11-20T17:00:00+00:00,2025-11-20T18:10:00+00:00,BTCUSDT,V3_TREND_BREAKOUT,SHORT,87580.08804999999,87580.08804999999,85651.9142584377,-0.24,0.0,,SL,0
2025-11-21T02:30:00+00:00,2025-11-21T02:55:00+00:00,BTCUSDT,V3_TREND_BREAKOUT,SHORT,86449.3537,86449.3537,85313.55393556137,2.3876651376252775,0.0,,TP,0
2025-11-21T02:45:00+00:00,2025-11-21T03:40:00+00:00,BTCUSDT,V3_TREND_BREAKOUT,SHORT,86085.1359,86085.1359,84991.86160087839,-0.24,0.0,,SL,0
2025-11-21T07:15:00+00:00,2025-11-21T07:30:00+00:00,BTCUSDT,V3_TREND_BREAKOUT,SHORT,85330.61335,85330.61335,84443.67088136458,1.8388376734090774,0.0,,TP,0
2025-11-21T07:30:00+00:00,2025-11-21T12:45:00+00:00,BTCUSDT,V3_TREND_BREAKOUT,SHORT,83303.1276,83303.1276,79318.79311305285,-0.24,0.0,,SL,0
2025-11-21T12:15:00+00:00,2025-11-21T12:20:00+00:00,BTCUSDT,V3_TREND_BREAKOUT,SHORT,81900.72915,81900.72915,80270.96746363517,-0.24,0.0,,SL,0
2025-11-22T04:15:00+00:00,2025-11-22T06:30:00+00:00,BTCUSDT,V3_TREND_BREAKOUT,SHORT,83891.43329999999,84644.38792518698,82762.00136221951,-2.0350691639619196,1.7950691639619196,-1.1336995837365358,SL,0
2025-11-22T10:15:00+00:00,2025-11-22T14:15:00+00:00,BTCUSDT,V3_TREND_BREAKOUT,SHORT,83834.66170000001,84493.09286080496,82847.0149587926,-1.8107850367694547,1.5707850367694547,-1.152789843538104,SL,0
2025-11-23T07:15:00+00:00,2025-11-23T08:55:00+00:00,BTCUSDT,V3_TREND_BREAKOUT,SHORT,85613.87165,86160.63234527364,84793.73060708954,-1.5172712756382831,1.2772712756382831,-1.1879005694229412,SL,0
2025-12-01T12:00:00+00:00,2025-12-01T12:40:00+00:00,BTCUSDT,V3_TREND_BREAKOUT,SHORT,86044.7561,86044.7561,85445.19086650125,1.1536124888353387,0.0,,TP,0
2025-12-01T12:30:00+00:00,2025-12-01T12:45:00+00:00,BTCUSDT,V3_TREND_BREAKOUT,SHORT,85615.3709,85615.3709,84879.06910810569,1.4800224309121293,0.0,,TP,0
2025-12-01T15:30:00+00:00,2025-12-01T16:40:00+00:00,BTCUSDT,V3_TREND_BREAKOUT,SHORT,84345.806,85405.46416078623,82756.31875882065,-2.752651691979165,2.5126516919791646,-1.0955166212516136,SL,0
2025-12-06T23:00:00+00:00,2025-12-07T00:35:00+00:00,BTCUSDT,V3_TREND_BREAKOUT,SHORT,89010.57245,89474.9389694099,88314.02267088517,-1.283396321646478,1.043396321646478,-1.230018062188757,SL,0
2025-12-07T07:30:00+00:00,2025-12-07T12:45:00+00:00,BTCUSDT,V3_TREND_BREAKOUT,SHORT,89222.06665,89507.10052240574,88794.51584139137,-0.878931338642672,0.638931338642672,-1.375627216079038,SL,0
2025-12-07T09:15:00+00:00,2025-12-07T12:45:00+00:00,BTCUSDT,V3_TREND_BREAKOUT,SHORT,89226.46445,89536.53568139796,88761.35760290307,-0.9350207728374477,0.6950207728374477,-1.3453134199431065,SL,0
2025-12-07T13:15:00+00:00,2025-12-07T13:20:00+00:00,BTCUSDT,V3_TREND_BREAKOUT,SHORT,89254.7503,89254.7503,88862.70235109361,-0.24,0.0,,SL,0
2025-12-07T14:15:00+00:00,2025-12-07T14:25:00+00:00,BTCUSDT,V3_TREND_BREAKOUT,SHORT,88662.94635,88662.94635,88002.86287895238,1.2489725600634054,0.0,,TP,0
2025-12-13T13:15:00+00:00,2025-12-13T14:25:00+00:00,BTCUSDT,V3_TREND_BREAKOUT,SHORT,90330.01239999999,90330.01239999999,90007.92942368102,0.47312505724613096,0.0,,TP,0
2025-12-13T14:15:00+00:00,2025-12-13T14:35:00+00:00,BTCUSDT,V3_TREND_BREAKOUT,SHORT,90143.80554999999,90143.80554999999,89778.49297299961,-0.24,0.0,,SL,0
2025-12-13T21:15:00+00:00,2025-12-13T21:50:00+00:00,BTCUSDT,V3_TREND_BREAKOUT,SHORT,89892.0315,90093.00274026778,89590.57463959832,-0.6871391666519034,0.44713916665190345,-1.536745644084539,SL,0
2025-12-14T05:15:00+00:00,2025-12-14T07:50:00+00:00,BTCUSDT,V3_TREND_BREAKOUT,SHORT,90023.16589999999,90220.68859125998,89726.88186311,-0.678826360493483,0.438826360493483,-1.5469133616542714,SL,0
2025-12-14T09:30:00+00:00,2025-12-14T10:20:00+00:00,BTCUSDT,V3_TREND_BREAKOUT,SHORT,89971.9915,89971.9915,89675.83159073017,-0.24,0.0,,SL,0
2025-12-14T10:00:00+00:00,2025-12-14T10:10:00+00:00,BTCUSDT,V3_TREND_BREAKOUT,SHORT,89934.0105,89934.0105,89663.21951573165,-0.24,0.0,,SL,0
2025-12-14T11:00:00+00:00,2025-12-14T11:40:00+00:00,BTCUSDT,V3_TREND_BREAKOUT,SHORT,89555.2,89555.2,88953.73687298418,1.1032232344203652,0.0,,TP,0
2025-12-14T11:30:00+00:00,2025-12-14T11:40:00+00:00,BTCUSDT,V3_TREND_BREAKOUT,SHORT,89406.77425,89406.77425,88834.4294083384,1.040316500539893,0.0,,TP,0
2025-12-14T22:30:00+00:00,2025-12-14T23:45:00+00:00,BTCUSDT,V3_TREND_BREAKOUT,SHORT,88089.13339999999,88089.13339999999,87334.63151568778,-0.24,0.0,,SL,0
2025-12-15T12:00:00+00:00,2025-12-15T14:35:00+00:00,BTCUSDT,V3_TREND_BREAKOUT,SHORT,89425.0651,89425.0651,88853.9163381329,-0.24,0.0,,SL,0
2025-12-15T14:30:00+00:00,2025-12-15T15:00:00+00:00,BTCUSDT,V3_TREND_BREAKOUT,SHORT,88985.485,88985.485,87313.59424897764,3.5176707055591487,0.0,,TP,0
2025-12-15T14:45:00+00:00,2025-12-15T15:15:00+00:00,BTCUSDT,V3_TREND_BREAKOUT,SHORT,88625.36515,88625.36515,87073.51735619351,3.2620398306511005,0.0,,TP,0
2025-12-15T15:00:00+00:00,2025-12-15T17:30:00+00:00,BTCUSDT,V3_TREND_BREAKOUT,SHORT,87408.87370000001,87408.87370000001,85728.78126825113,3.604214804815366,0.0,,TP,0
2025-12-15T15:15:00+00:00,2025-12-15T17:50:00+00:00,BTCUSDT,V3_TREND_BREAKOUT,SHORT,86940.00825,86940.00825,85552.08571337604,2.9528281686675717,0.0,,TP,0
2025-12-15T16:30:00+00:00,2025-12-15T18:35:00+00:00,BTCUSDT,V3_TREND_BREAKOUT,SHORT,86506.22525,86506.22525,85190.37959759773,2.8021987518228384,0.0,,TP,0
2025-12-15T17:30:00+00:00,2025-12-16T10:35:00+00:00,BTCUSDT,V3_TREND_BREAKOUT,SHORT,85671.143,86662.29040289005,84184.42189566491,-2.553841903311727,2.3138419033117272,-1.1037235947955197,SL,0
2025-12-17T02:00:00+00:00,2025-12-17T04:35:00+00:00,BTCUSDT,V3_TREND_BREAKOUT,SHORT,87420.16805,87420.16805,86833.0156586983,1.1032881779999881,0.0,,TP,0
2025-12-17T04:15:00+00:00,2025-12-17T05:20:00+00:00,BTCUSDT,V3_TREND_BREAKOUT,SHORT,87046.75485,87046.75485,86347.35617253839,1.3669494576031425,0.0,,TP,0
2025-12-17T04:30:00+00:00,2025-12-17T05:20:00+00:00,BTCUSDT,V3_TREND_BREAKOUT,SHORT,86907.72439999999,86907.72439999999,86310.23940128565,1.134987097727619,0.0,,TP,0
2025-12-17T04:45:00+00:00,2025-12-17T05:25:00+00:00,BTCUSDT,V3_TREND_BREAKOUT,SHORT,86742.607,86742.607,86238.48672976525,0.922335990742706,0.0,,TP,0
2025-12-17T05:00:00+00:00,2025-12-17T07:30:00+00:00,BTCUSDT,V3_TREND_BREAKOUT,SHORT,86424.46615,86957.44523871675,85624.99751692485,-1.473398625319161,1.2333986253191611,-1.194584293409518,SL,0
2025-12-17T16:15:00+00:00,2025-12-18T02:15:00+00:00,BTCUSDT,V3_TREND_BREAKOUT,SHORT,86569.59354999999,86569.59354999999,84926.78921892353,-0.24,0.0,,SL,0
2025-12-17T18:30:00+00:00,2025-12-17T19:10:00+00:00,BTCUSDT,V3_TREND_BREAKOUT,SHORT,86399.97839999999,86399.97839999999,85286.65573454343,2.3371364439520885,0.0,,TP,0
2025-12-17T19:00:00+00:00,2025-12-17T22:25:00+00:00,BTCUSDT,V3_TREND_BREAKOUT,SHORT,85495.93065,86399.39236347673,84140.7380797849,-2.353461322914396,2.113461322914396,-1.113557791381319,SL,0
2025-12-18T19:30:00+00:00,2025-12-19T03:20:00+00:00,BTCUSDT,V3_TREND_BREAKOUT,SHORT,85379.0891,86461.81548203871,83754.99952694192,-2.7762800035745894,2.5362800035745896,-1.0946267760900799,SL,0
2025-12-18T19:45:00+00:00,2025-12-18T21:30:00+00:00,BTCUSDT,V3_TREND_BREAKOUT,SHORT,84671.04329999999,85453.50009046453,83497.35811430318,-2.088227587540633,1.8482275875406329,-1.1298541378875093,SL,0
2025-12-24T02:30:00+00:00,2025-12-24T03:45:00+00:00,BTCUSDT,V3_TREND_BREAKOUT,SHORT,87326.11510000001,87326.11510000001,86752.67300249342,-0.24,0.0,,SL,0
2025-12-24T05:30:00+00:00,2025-12-24T12:15:00+00:00,BTCUSDT,V3_TREND_BREAKOUT,SHORT,87018.2691,87364.94911690158,86498.24907464764,-1.0367982367086106,0.7967982367086106,-1.301205485834638,SL,0
2025-12-25T08:15:00+00:00,2025-12-25T11:30:00+00:00,BTCUSDT,V3_TREND_BREAKOUT,SHORT,87544.60579999999,87544.60579999999,87035.19854033369,-0.24,0.0,,SL,0
2026-01-03T20:30:00+00:00,2026-01-03T21:30:00+00:00,BTCUSDT,V3_TREND_BREAKOUT,LONG,90232.29359999999,90232.29359999999,90595.71650408911,0.5655273552065009,0.0,,TP,0
2026-01-03T20:45:00+00:00,2026-01-04T00:00:00+00:00,BTCUSDT,V3_TREND_BREAKOUT,LONG,90375.165,90375.165,90716.66768236847,0.5157445286400857,0.0,,TP,0
2026-01-03T21:15:00+00:00,2026-01-04T00:00:00+00:00,BTCUSDT,V3_TREND_BREAKOUT,LONG,90424.1895,90424.1895,90709.6504123483,0.39138174403721837,0.0,,TP,0
2026-01-03T21:30:00+00:00,2026-01-04T00:05:00+00:00,BTCUSDT,V3_TREND_BREAKOUT,LONG,90588.67169999999,90588.67169999999,91003.2218650377,0.6752362149884839,0.0,,TP,0
2026-01-04T00:00:00+00:00,2026-01-04T00:05:00+00:00,BTCUSDT,V3_TREND_BREAKOUT,LONG,90945.55005,90945.55005,91739.72535204698,-0.24,0.0,,SL,0
2026-01-04T06:00:00+00:00,2026-01-04T06:40:00+00:00,BTCUSDT,V3_TREND_BREAKOUT,LONG,91539.24675,91226.85782204516,92007.83014193227,-0.9225245761700474,0.6825245761700474,-1.3516356895846124,SL,0
2026-01-04T23:45:00+00:00,2026-01-05T00:00:00+00:00,BTCUSDT,V3_TREND_BREAKOUT,LONG,91334.6445,91334.6445,91765.47066873507,0.703401424713653,0.0,,TP,0
2026-01-05T00:00:00+00:00,2026-01-05T01:05:00+00:00,BTCUSDT,V3_TREND_BREAKOUT,LONG,91827.891,91827.891,92674.61124596829,1.6041461232476493,0.0,,TP,0
2026-01-05T00:45:00+00:00,2026-01-05T01:35:00+00:00,BTCUSDT,V3_TREND_BREAKOUT,LONG,92291.9229,92291.9229,93204.87840156429,1.738408235254753,0.0,,TP,0
2026-01-05T01:00:00+00:00,2026-01-05T01:35:00+00:00,BTCUSDT,V3_TREND_BREAKOUT,LONG,92474.81430000001,92474.81430000001,93261.81967645256,1.4620966895903265,0.0,,TP,0
2026-01-05T01:30:00+00:00,2026-01-05T04:25:00+00:00,BTCUSDT,V3_TREND_BREAKOUT,LONG,92936.445,92466.93287901198,93640.71318148205,-1.2503939762017597,1.0103939762017597,-1.237531107323304,SL,0
2026-01-05T10:00:00+00:00,2026-01-05T10:50:00+00:00,BTCUSDT,V3_TREND_BREAKOUT,LONG,92704.9293,92704.9293,93126.88009197859,0.6703092902711114,0.0,,TP,0
2026-01-05T10:45:00+00:00,2026-01-05T13:35:00+00:00,BTCUSDT,V3_TREND_BREAKOUT,LONG,93045.4995,92605.62442132486,93705.31211801272,-1.1855053302715581,0.945505330271558,-1.2538325193059143,SL,0
2026-01-05T14:30:00+00:00,2026-01-05T14:45:00+00:00,BTCUSDT,V3_TREND_BREAKOUT,LONG,92616.58515,92616.58515,93395.45689479983,1.4419271484440717,0.0,,TP,0
2026-01-05T14:45:00+00:00,2026-01-05T16:20:00+00:00,BTCUSDT,V3_TREND_BREAKOUT,LONG,93170.1618,93170.1618,94042.82751838556,1.6332729481758972,0.0,,TP,0
2026-01-05T15:30:00+00:00,2026-01-06T00:15:00+00:00,BTCUSDT,V3_TREND_BREAKOUT,LONG,93653.4033,93653.4033,94753.70844001207,-0.24,0.0,,SL,0
2026-01-05T17:45:00+00:00,2026-01-05T20:25:00+00:00,BTCUSDT,V3_TREND_BREAKOUT,LONG,93854.40375,93854.40375,94562.58145337258,1.269098508065651,0.0,,TP,0
2026-01-05T20:15:00+00:00,2026-01-05T21:25:00+00:00,BTCUSDT,V3_TREND_BREAKOUT,LONG,94365.25905000001,93897.00916704765,95067.63387442855,-1.2324200657452733,0.9924200657452733,-1.2418330788382117,SL,0
2026-01-06T14:00:00+00:00,2026-01-06T14:20:00+00:00,BTCUSDT,V3_TREND_BREAKOUT,LONG,93808.18065000001,93808.18065000001,94255.40671614709,0.7134905443176379,0.0,,TP,0
2026-01-06T14:15:00+00:00,2026-01-06T14:45:00+00:00,BTCUSDT,V3_TREND_BREAKOUT,LONG,94154.35365,93813.25637214707,94665.99956677941,-0.9645491358177666,0.7245491358177666,-1.3312404751254345,SL,0
2026-01-06T21:15:00+00:00,2026-01-07T01:15:00+00:00,BTCUSDT,V3_TREND_BREAKOUT,LONG,93743.24819999999,92446.73531993227,95688.01752010157,-3.006093355975091,2.766093355975091,-1.0867649674518656,SL,0
2026-01-13T09:00:00+00:00,2026-01-13T09:40:00+00:00,BTCUSDT,V3_TREND_BREAKOUT,LONG,92409.1815,91927.99969692614,93130.95420461081,-1.2814155720530107,1.0414155720530107,-1.2304555515017623,SL,0
2026-01-13T09:15:00+00:00,2026-01-13T09:40:00+00:00,BTCUSDT,V3_TREND_BREAKOUT,LONG,92441.1975,92109.4068614314,92938.88345785288,-0.957841498253185,0.717841498253185,-1.3343356445455195,SL,0
2026-01-13T14:30:00+00:00,2026-01-13T15:55:00+00:00,BTCUSDT,V3_TREND_BREAKOUT,LONG,92468.6112,92468.6112,93177.07217342514,1.2923274876332147,0.0,,TP,0
2026-01-13T15:30:00+00:00,2026-01-13T19:30:00+00:00,BTCUSDT,V3_TREND_BREAKOUT,LONG,92823.78869999999,92823.78869999999,94089.18587919601,2.4864501846303577,0.0,,TP,0
2026-01-13T15:45:00+00:00,2026-01-13T16:00:00+00:00,BTCUSDT,V3_TREND_BREAKOUT,LONG,92847.10035,92847.10035,93481.74256639631,1.1270695455301083,0.0,,TP,0
2026-01-13T19:30:00+00:00,2026-01-13T22:10:00+00:00,BTCUSDT,V3_TREND_BREAKOUT,LONG,93964.7589,93964.7589,94805.81496131768,1.550152119078504,0.0,,TP,0
2026-01-13T19:45:00+00:00,2026-01-13T22:05:00+00:00,BTCUSDT,V3_TREND_BREAKOUT,LONG,94091.022,94091.022,94821.66073193782,-0.24,0.0,,SL,0
2026-01-13T20:00:00+00:00,2026-01-13T22:10:00+00:00,BTCUSDT,V3_TREND_BREAKOUT,LONG,94262.20755,94262.20755,94954.063483228,1.2279391692816306,0.0,,TP,0
2026-01-13T22:00:00+00:00,2026-01-13T22:05:00+00:00,BTCUSDT,V3_TREND_BREAKOUT,LONG,94104.92895,94104.92895,94874.60804348848,-0.24,0.0,,SL,0
2026-01-14T14:00:00+00:00,2026-01-14T14:45:00+00:00,BTCUSDT,V3_TREND_BREAKOUT,LONG,95249.601,95249.601,96051.79651537494,1.4444070882248508,0.0,,TP,0
2026-01-14T14:15:00+00:00,2026-01-14T14:45:00+00:00,BTCUSDT,V3_TREND_BREAKOUT,LONG,95649.2007,95649.2007,96405.35690713389,1.3411030340034715,0.0,,TP,0
2026-01-14T14:30:00+00:00,2026-01-14T14:45:00+00:00,BTCUSDT,V3_TREND_BREAKOUT,LONG,95542.14719999999,95542.14719999999,96289.60850305288,1.3246734450885052,0.0,,TP,0
2026-01-14T14:45:00+00:00,2026-01-15T00:25:00+00:00,BTCUSDT,V3_TREND_BREAKOUT,LONG,96614.78325,96614.78325,98329.28859212055,-0.24,0.0,,SL,0
2026-01-14T15:00:00+00:00,2026-01-14T15:35:00+00:00,BTCUSDT,V3_TREND_BREAKOUT,LONG,96373.5627,96373.5627,97255.83504089763,-0.24,0.0,,SL,0
2026-01-14T16:00:00+00:00,2026-01-14T17:35:00+00:00,BTCUSDT,V3_TREND_BREAKOUT,LONG,96954.15285,96954.15285,98000.55175526676,-0.24,0.0,,SL,0
2026-01-14T16:30:00+00:00,2026-01-14T18:30:00+00:00,BTCUSDT,V3_TREND_BREAKOUT,LONG,97146.64905,96525.14874994871,98078.89950007695,-1.5195094964756177,1.2795094964756177,-1.1875718786465244,SL,0
2026-01-15T09:30:00+00:00,2026-01-15T14:35:00+00:00,BTCUSDT,V3_TREND_BREAKOUT,LONG,96821.3865,96410.9248108109,97437.07903378364,-1.0878740163240503,0.8478740163240505,-1.28306092105584,SL,0
2026-01-20T22:30:00+00:00,2026-01-21T05:40:00+00:00,BTCUSDT,V3_TREND_BREAKOUT,SHORT,88137.00945000001,89883.81834345523,85516.79610981718,-4.203848794861104,3.963848794861104,-1.0605472136856344,SL,0
2026-01-21T08:30:00+00:00,2026-01-21T11:55:00+00:00,BTCUSDT,V3_TREND_BREAKOUT,SHORT,89214.07065,89214.07065,88784.570522577,0.7228528869800812,0.0,,TP,0
2026-01-21T11:45:00+00:00,2026-01-21T12:10:00+00:00,BTCUSDT,V3_TREND_BREAKOUT,SHORT,89068.4435,89068.4435,88435.4871550175,1.1812808040874607,0.0,,TP,0
2026-01-21T12:00:00+00:00,2026-01-21T12:50:00+00:00,BTCUSDT,V3_TREND_BREAKOUT,SHORT,88665.645,88665.645,88050.27459037339,-0.24,0.0,,SL,0
2026-01-21T16:30:00+00:00,2026-01-21T16:55:00+00:00,BTCUSDT,V3_TREND_BREAKOUT,SHORT,89088.73335000001,89088.73335000001,87656.33294230723,2.9756712837421464,0.0,,TP,0
2026-01-21T16:45:00+00:00,2026-01-21T16:55:00+00:00,BTCUSDT,V3_TREND_BREAKOUT,SHORT,88544.20575,88544.20575,87569.41040178525,1.9618275277481774,0.0,,TP,0
2026-01-21T17:00:00+00:00,2026-01-21T17:40:00+00:00,BTCUSDT,V3_TREND_BREAKOUT,SHORT,87996.07995,87996.07995,87024.79975701487,-0.24,0.0,,SL,0
2026-01-22T13:30:00+00:00,2026-01-22T15:00:00+00:00,BTCUSDT,V3_TREND_BREAKOUT,SHORT,89874.0405,89874.0405,88958.89442483985,1.7965081397673568,0.0,,TP,0
2026-01-22T14:45:00+00:00,2026-01-22T18:20:00+00:00,BTCUSDT,V3_TREND_BREAKOUT,SHORT,89019.86779999999,89724.3731907764,87963.10971383538,-1.8228048461253918,1.5828048461253919,-1.151629558493901,SL,0
2026-01-22T15:15:00+00:00,2026-01-22T15:40:00+00:00,BTCUSDT,V3_TREND_BREAKOUT,SHORT,89110.6224,89110.6224,88337.04041907232,-0.24,0.0,,SL,0
2026-01-23T08:15:00+00:00,2026-01-23T09:15:00+00:00,BTCUSDT,V3_TREND_BREAKOUT,SHORT,89421.4669,89421.4669,88987.31000658497,0.7310350511260229,0.0,,TP,0
2026-01-24T12:00:00+00:00,2026-01-24T13:55:00+00:00,BTCUSDT,V3_TREND_BREAKOUT,SHORT,89468.8432,89468.8432,89254.29136278853,-0.24,0.0,,SL,0
2026-01-24T13:45:00+00:00,2026-01-24T13:55:00+00:00,BTCUSDT,V3_TREND_BREAKOUT,SHORT,89449.253,89449.253,89287.29145130618,-0.24,0.0,,SL,0
2026-01-24T23:45:00+00:00,2026-01-25T01:30:00+00:00,BTCUSDT,V3_TREND_BREAKOUT,SHORT,89256.3495,89256.3495,89047.92675368066,0.22702054808848826,0.0,,TP,0
2026-01-25T00:15:00+00:00,2026-01-25T03:30:00+00:00,BTCUSDT,V3_TREND_BREAKOUT,SHORT,89164.49545,89164.49545,88877.07437817364,0.4046984763964453,0.0,,TP,0
2026-01-25T01:30:00+00:00,2026-01-25T04:35:00+00:00,BTCUSDT,V3_TREND_BREAKOUT,SHORT,89065.445,89065.445,88793.72063166223,-0.24,0.0,,SL,0
2026-01-25T03:15:00+00:00,2026-01-25T06:15:00+00:00,BTCUSDT,V3_TREND_BREAKOUT,SHORT,88975.0902,88975.0902,88652.14506628674,0.4859225767287014,0.0,,TP,0
2026-01-25T03:30:00+00:00,2026-01-25T08:35:00+00:00,BTCUSDT,V3_TREND_BREAKOUT,SHORT,88797.07925,88797.07925,88367.57343655193,0.7273872543461257,0.0,,TP,0
2026-01-25T06:00:00+00:00,2026-01-25T08:35:00+00:00,BTCUSDT,V3_TREND_BREAKOUT,SHORT,88832.9613,88832.9613,88476.3575411971,0.5628636073463857,0.0,,TP,0
2026-01-25T08:30:00+00:00,2026-01-25T08:40:00+00:00,BTCUSDT,V3_TREND_BREAKOUT,SHORT,88558.89839999999,88558.89839999999,88243.60784898279,0.4720471386017119,0.0,,TP,0
2026-01-25T16:00:00+00:00,2026-01-25T16:20:00+00:00,BTCUSDT,V3_TREND_BREAKOUT,SHORT,88186.2848,88186.2848,87559.20098698852,1.182179910251694,0.0,,TP,0
2026-01-25T18:30:00+00:00,2026-01-25T19:30:00+00:00,BTCUSDT,V3_TREND_BREAKOUT,SHORT,87235.3605,87235.3605,86298.65922180229,1.9075265828647778,0.0,,TP,0
2026-01-25T19:15:00+00:00,2026-01-25T23:00:00+00:00,BTCUSDT,V3_TREND_BREAKOUT,SHORT,86998.37904999999,86998.37904999999,86033.667582744,1.9777688315354511,0.0,,TP,0
2026-01-27T06:30:00+00:00,2026-01-27T10:50:00+00:00,BTCUSDT,V3_TREND_BREAKOUT,SHORT,88216.2698,88216.2698,87746.34038732316,0.8254030458151074,0.0,,TP,0
2026-01-27T08:15:00+00:00,2026-01-27T09:35:00+00:00,BTCUSDT,V3_TREND_BREAKOUT,SHORT,88264.54565,88264.54565,87870.39268725488,0.6531172983274144,0.0,,TP,0
2026-01-27T08:45:00+00:00,2026-01-27T11:50:00+00:00,BTCUSDT,V3_TREND_BREAKOUT,SHORT,88030.9625,88030.9625,87573.48648990343,-0.24,0.0,,SL,0
2026-01-27T09:00:00+00:00,2026-01-27T11:40:00+00:00,BTCUSDT,V3_TREND_BREAKOUT,SHORT,88016.26985,88016.26985,87610.44199062462,-0.24,0.0,,SL,0
2026-01-27T09:45:00+00:00,2026-01-27T14:10:00+00:00,BTCUSDT,V3_TREND_BREAKOUT,SHORT,87905.42529999999,88174.54143530679,87501.75109703979,-0.8522856112427043,0.6122856112427043,-1.3919739343749926,SL,0
2026-01-27T10:30:00+00:00,2026-01-27T12:20:00+00:00,BTCUSDT,V3_TREND_BREAKOUT,SHORT,87800.078,88098.95566084876,87351.76150872684,-0.9208141123718998,0.6808141123718998,-1.3525191320782994,SL,0
2026-01-27T10:45:00+00:00,2026-01-27T11:35:00+00:00,BTCUSDT,V3_TREND_BREAKOUT,SHORT,87727.41435,87973.808827931,87357.82263310351,-0.8017274366436329,0.5617274366436329,-1.4272534762304285,SL,0
2026-01-27T14:30:00+00:00,2026-01-27T15:10:00+00:00,BTCUSDT,V3_TREND_BREAKOUT,SHORT,88012.67165,88012.67165,87292.3691757617,-0.24,0.0,,SL,0
2026-01-27T17:30:00+00:00,2026-01-27T18:55:00+00:00,BTCUSDT,V3_TREND_BREAKOUT,SHORT,87694.63075,88314.13516457792,86765.37412813312,-1.6528673768956483,1.4128673768956483,-1.1698673236601498,SL,0
2026-01-29T09:45:00+00:00,2026-01-29T14:35:00+00:00,BTCUSDT,V3_TREND_BREAKOUT,SHORT,87872.34185,87872.34185,87370.10333652803,-0.24,0.0,,SL,0
2026-01-29T11:15:00+00:00,2026-01-29T14:35:00+00:00,BTCUSDT,V3_TREND_BREAKOUT,SHORT,87867.54425,87867.54425,87358.43345034303,-0.24,0.0,,SL,0
2026-01-29T14:30:00+00:00,2026-01-29T15:00:00+00:00,BTCUSDT,V3_TREND_BREAKOUT,SHORT,87639.05854999999,87639.05854999999,86946.28424790561,1.3409715749037439,0.0,,TP,0
2026-01-29T14:45:00+00:00,2026-01-29T14:55:00+00:00,BTCUSDT,V3_TREND_BREAKOUT,SHORT,87706.9246,87706.9246,87139.74666769811,1.0533481247657053,0.0,,TP,0
2026-01-29T15:00:00+00:00,2026-01-29T15:30:00+00:00,BTCUSDT,V3_TREND_BREAKOUT,SHORT,86451.1528,86451.1528,85115.52894143393,2.84989253539731,0.0,,TP,0
2026-01-29T15:30:00+00:00,2026-01-29T16:55:00+00:00,BTCUSDT,V3_TREND_BREAKOUT,SHORT,85243.45695,85243.45695,84046.4282581752,-0.24,0.0,,SL,0
2026-01-29T18:15:00+00:00,2026-01-30T01:35:00+00:00,BTCUSDT,V3_TREND_BREAKOUT,SHORT,84145.3063,84145.3063,82774.39350651226,3.0184415073612554,0.0,,TP,0
2026-01-29T18:45:00+00:00,2026-01-29T21:45:00+00:00,BTCUSDT,V3_TREND_BREAKOUT,SHORT,83808.075,84544.92979302525,82702.79281046212,-1.998433881282331,1.758433881282331,-1.1364850862774443,SL,0
2026-01-30T01:15:00+00:00,2026-01-30T01:35:00+00:00,BTCUSDT,V3_TREND_BREAKOUT,SHORT,83906.8256,83906.8256,83075.78396934664,1.7408677654308946,0.0,,TP,0
2026-01-30T01:30:00+00:00,2026-01-30T01:35:00+00:00,BTCUSDT,V3_TREND_BREAKOUT,SHORT,83674.7417,83674.7417,82662.75493582188,-0.24,0.0,,SL,0
2026-01-31T02:15:00+00:00,2026-01-31T08:10:00+00:00,BTCUSDT,V3_TREND_BREAKOUT,SHORT,83843.35735,83843.35735,83201.78633260704,1.2904039286374525,0.0,,TP,0
2026-01-31T06:15:00+00:00,2026-01-31T07:30:00+00:00,BTCUSDT,V3_TREND_BREAKOUT,SHORT,83891.13345000001,83891.13345000001,83487.13778878778,0.723142693626899,0.0,,TP,0
2026-01-31T07:30:00+00:00,2026-01-31T08:30:00+00:00,BTCUSDT,V3_TREND_BREAKOUT,SHORT,83458.25,83458.25,82860.48025289917,1.1925000754289208,0.0,,TP,0
2026-01-31T08:00:00+00:00,2026-01-31T08:35:00+00:00,BTCUSDT,V3_TREND_BREAKOUT,SHORT,83408.275,83408.275,82826.38157010182,1.1552894479550784,0.0,,TP,0
2026-01-31T08:15:00+00:00,2026-01-31T08:40:00+00:00,BTCUSDT,V3_TREND_BREAKOUT,SHORT,83173.09264999999,83173.09264999999,82637.15826152312,1.0487205979754441,0.0,,TP,0
2026-01-31T08:30:00+00:00,2026-01-31T14:05:00+00:00,BTCUSDT,V3_TREND_BREAKOUT,SHORT,82890.1342,82890.1342,82272.4030910572,-0.24,0.0,,SL,0
2026-01-31T14:15:00+00:00,2026-01-31T14:25:00+00:00,BTCUSDT,V3_TREND_BREAKOUT,SHORT,82191.8835,82191.8835,81265.15055235321,2.01504735548927,0.0,,TP,0
2026-01-31T14:30:00+00:00,2026-01-31T14:35:00+00:00,BTCUSDT,V3_TREND_BREAKOUT,SHORT,81381.18905,81381.18905,80515.02215575657,-0.24,0.0,,SL,0
2026-01-31T17:00:00+00:00,2026-01-31T17:05:00+00:00,BTCUSDT,V3_TREND_BREAKOUT,SHORT,80246.25679999999,80246.25679999999,78861.50787665429,-0.24,0.0,,SL,0
2026-01-31T18:30:00+00:00,2026-01-31T18:40:00+00:00,BTCUSDT,V3_TREND_BREAKOUT,SHORT,78333.8135,78333.8135,76531.33105544857,4.362054627536903,0.0,,TP,0
2026-02-01T07:00:00+00:00,2026-02-01T07:40:00+00:00,BTCUSDT,V3_TREND_BREAKOUT,SHORT,78070.24535,78654.1939419339,77194.32246209914,-1.7359568509512975,1.4959568509512975,-1.1604324348308448,SL,0
2026-02-01T14:15:00+00:00,2026-02-01T14:35:00+00:00,BTCUSDT,V3_TREND_BREAKOUT,SHORT,78021.56970000001,78021.56970000001,77305.37571858632,1.5958871377941164,0.0,,TP,0
2026-02-01T15:15:00+00:00,2026-02-01T18:00:00+00:00,BTCUSDT,V3_TREND_BREAKOUT,SHORT,77239.76079999999,78101.25046257993,75947.52630613008,-2.470689618033993,2.230689618033993,-1.1075900466204363,SL,0
2026-02-01T20:15:00+00:00,2026-02-01T22:10:00+00:00,BTCUSDT,V3_TREND_BREAKOUT,SHORT,77177.392,77177.392,76161.87169310174,-0.24,0.0,,SL,0
2026-02-02T03:15:00+00:00,2026-02-02T04:30:00+00:00,BTCUSDT,V3_TREND_BREAKOUT,SHORT,75538.212,76548.97985622616,74022.06021566076,-2.9161762807574982,2.6761762807574985,-1.0896801909970097,SL,0
2026-02-02T03:30:00+00:00,2026-02-02T03:45:00+00:00,BTCUSDT,V3_TREND_BREAKOUT,SHORT,74799.48155,75855.65272363857,73215.22478954213,-3.0640066689033807,2.824006668903381,-1.0849856349996498,SL,0
2026-02-02T20:45:00+00:00,2026-02-02T22:05:00+00:00,BTCUSDT,V3_TREND_BREAKOUT,SHORT,78015.47275,78598.80865451685,77140.46889322472,-1.7354364408869067,1.4954364408869067,-1.1604882651232318,SL,0
2026-02-03T02:45:00+00:00,2026-02-03T03:55:00+00:00,BTCUSDT,V3_TREND_BREAKOUT,SHORT,77993.88355,78704.37490114008,76928.14652328988,-2.06191556260845,1.82191556260845,-1.1317294856718771,SL,0
2026-02-03T09:15:00+00:00,2026-02-03T14:35:00+00:00,BTCUSDT,V3_TREND_BREAKOUT,SHORT,78251.65460000001,78251.65460000001,77557.16669860437,-0.24,0.0,,SL,0
2026-02-03T14:30:00+00:00,2026-02-03T15:00:00+00:00,BTCUSDT,V3_TREND_BREAKOUT,SHORT,78031.1649,78031.1649,77048.81463899682,2.277840819785548,0.0,,TP,0
2026-02-03T14:45:00+00:00,2026-02-03T15:00:00+00:00,BTCUSDT,V3_TREND_BREAKOUT,SHORT,77952.90405,77952.90405,77097.38020049705,1.9549762101337598,0.0,,TP,0
2026-02-03T16:15:00+00:00,2026-02-03T17:10:00+00:00,BTCUSDT,V3_TREND_BREAKOUT,SHORT,77104.8283,77104.8283,75918.90914786272,2.836121634103348,0.0,,TP,0
2026-02-03T16:45:00+00:00,2026-02-03T17:10:00+00:00,BTCUSDT,V3_TREND_BREAKOUT,SHORT,76679.14125,76679.14125,75687.13954968777,2.347409520088317,0.0,,TP,0
2026-02-03T17:00:00+00:00,2026-02-03T17:40:00+00:00,BTCUSDT,V3_TREND_BREAKOUT,SHORT,76334.71355,76334.71355,75289.8355550672,2.497622102291368,0.0,,TP,0
2026-02-03T17:30:00+00:00,2026-02-03T18:15:00+00:00,BTCUSDT,V3_TREND_BREAKOUT,SHORT,75686.73770000001,75686.73770000001,74514.81202516003,2.8567794634910744,0.0,,TP,0
2026-02-03T17:45:00+00:00,2026-02-03T18:45:00+00:00,BTCUSDT,V3_TREND_BREAKOUT,SHORT,74951.40555,74951.40555,73525.21609479142,3.5656376521375925,0.0,,TP,0
2026-02-03T18:00:00+00:00,2026-02-03T18:40:00+00:00,BTCUSDT,V3_TREND_BREAKOUT,SHORT,75012.77485,75012.77485,73805.5391862349,2.9787468499309773,0.0,,TP,0
2026-02-03T18:15:00+00:00,2026-02-03T18:45:00+00:00,BTCUSDT,V3_TREND_BREAKOUT,SHORT,74676.74295,74676.74295,73559.90928900383,2.751115083163036,0.0,,TP,0
2026-02-03T18:30:00+00:00,2026-02-03T18:50:00+00:00,BTCUSDT,V3_TREND_BREAKOUT,SHORT,74199.98145,74199.98145,73190.31611657499,2.48147058178278,0.0,,TP,0
2026-02-03T18:45:00+00:00,2026-02-03T19:10:00+00:00,BTCUSDT,V3_TREND_BREAKOUT,SHORT,73218.7723,74345.8851242631,71528.10306360533,-3.318753682580142,3.078753682580142,-1.077953621739193,SL,0
2026-02-04T11:00:00+00:00,2026-02-04T13:45:00+00:00,BTCUSDT,V3_TREND_BREAKOUT,SHORT,75943.6092,75943.6092,75037.00542127252,2.1475709576559963,0.0,,TP,0
2026-02-04T13:30:00+00:00,2026-02-04T13:55:00+00:00,BTCUSDT,V3_TREND_BREAKOUT,SHORT,75684.3389,75684.3389,74874.38838472142,1.9003384823080907,0.0,,TP,0
2026-02-04T13:45:00+00:00,2026-02-04T14:35:00+00:00,BTCUSDT,V3_TREND_BREAKOUT,SHORT,74996.98275,75744.95548802959,73875.02364295561,-2.234674213822543,1.994674213822543,-1.1203204003625584,SL,0
2026-02-04T14:45:00+00:00,2026-02-04T14:50:00+00:00,BTCUSDT,V3_TREND_BREAKOUT,SHORT,75342.50989999999,75342.50989999999,74421.85972395825,-0.24,0.0,,SL,0
2026-02-04T16:30:00+00:00,2026-02-04T18:25:00+00:00,BTCUSDT,V3_TREND_BREAKOUT,SHORT,73493.4349,73493.4349,71455.59594796589,-0.24,0.0,,SL,0
2026-02-04T17:15:00+00:00,2026-02-05T04:05:00+00:00,BTCUSDT,V3_TREND_BREAKOUT,SHORT,73107.428,73107.428,70926.22337442826,5.727121769272866,0.0,,TP,0
2026-02-05T02:45:00+00:00,2026-02-05T09:10:00+00:00,BTCUSDT,V3_TREND_BREAKOUT,SHORT,71829.56725,71829.56725,69682.97064074113,-0.24,0.0,,SL,0
2026-02-05T03:45:00+00:00,2026-02-05T05:20:00+00:00,BTCUSDT,V3_TREND_BREAKOUT,SHORT,71390.0871,71390.0871,70295.288808988,2.8270877021860485,0.0,,TP,0
2026-02-05T04:00:00+00:00,2026-02-05T12:15:00+00:00,BTCUSDT,V3_TREND_BREAKOUT,SHORT,71011.2766,71011.2766,69434.47534048885,4.200988347225827,0.0,,TP,0
2026-02-05T05:15:00+00:00,2026-02-05T07:00:00+00:00,BTCUSDT,V3_TREND_BREAKOUT,SHORT,70563.1008,71579.5341251207,69038.45081231894,-3.1209202362056603,2.88092023620566,-1.0833067146336874,SL,0
2026-02-05T11:15:00+00:00,2026-02-05T12:15:00+00:00,BTCUSDT,V3_TREND_BREAKOUT,SHORT,70647.95835,70647.95835,69432.7125540382,3.2002856765974865,0.0,,TP,0
2026-02-05T12:15:00+00:00,2026-02-05T14:30:00+00:00,BTCUSDT,V3_TREND_BREAKOUT,SHORT,69387.38895000001,70482.11988112575,67745.29255331139,-3.3954175699408307,3.1554175699408304,-1.076059663952654,SL,0
2026-02-05T15:00:00+00:00,2026-02-05T15:25:00+00:00,BTCUSDT,V3_TREND_BREAKOUT,SHORT,68909.3281,68909.3281,66813.31205713026,5.84340293153937,0.0,,TP,0
2026-02-05T15:15:00+00:00,2026-02-05T15:20:00+00:00,BTCUSDT,V3_TREND_BREAKOUT,SHORT,68230.46770000001,68230.46770000001,66347.85092804953,-0.24,0.0,,SL,0
2026-02-05T17:45:00+00:00,2026-02-05T20:15:00+00:00,BTCUSDT,V3_TREND_BREAKOUT,SHORT,66768.39910000001,66768.39910000001,64507.95231843018,6.53100787809612,0.0,,TP,0
2026-02-05T18:15:00+00:00,2026-02-05T20:35:00+00:00,BTCUSDT,V3_TREND_BREAKOUT,SHORT,65745.9106,65745.9106,63182.81181665664,7.556983142989157,0.0,,TP,0
2026-02-05T19:45:00+00:00,2026-02-05T20:20:00+00:00,BTCUSDT,V3_TREND_BREAKOUT,SHORT,65498.53435,65498.53435,63593.80187170365,5.576107176133644,0.0,,TP,0
2026-02-05T20:00:00+00:00,2026-02-05T20:35:00+00:00,BTCUSDT,V3_TREND_BREAKOUT,SHORT,65159.2041,65159.2041,63091.007246939116,6.108134178823975,0.0,,TP,0
2026-02-05T20:15:00+00:00,2026-02-05T21:00:00+00:00,BTCUSDT,V3_TREND_BREAKOUT,SHORT,64190.2888,64190.2888,61505.74064001489,-0.24,0.0,,SL,0
2026-02-06T00:00:00+00:00,2026-02-06T00:30:00+00:00,BTCUSDT,V3_TREND_BREAKOUT,SHORT,62225.57165,62225.57165,59250.78230166373,-0.24,0.0,,SL,0
2026-02-07T00:30:00+00:00,2026-02-07T03:10:00+00:00,BTCUSDT,V3_TREND_BREAKOUT,SHORT,69940.81210000001,70674.21106637901,68840.71365043151,-2.337198886768425,2.0971988867684246,-1.1144383594299043,SL,0
2026-02-07T07:00:00+00:00,2026-02-07T07:15:00+00:00,BTCUSDT,V3_TREND_BREAKOUT,SHORT,68712.02679999999,68712.02679999999,67395.60340250787,3.5917117360657533,0.0,,TP,0
2026-02-10T06:30:00+00:00,2026-02-10T07:00:00+00:00,BTCUSDT,V3_TREND_BREAKOUT,SHORT,69138.71335,69138.71335,68500.5055944898,-0.24,0.0,,SL,0
2026-02-10T06:45:00+00:00,2026-02-10T09:20:00+00:00,BTCUSDT,V3_TREND_BREAKOUT,SHORT,68780.89235000001,69330.94338793488,67955.8157930977,-1.8394297809800677,1.5994297809800677,-1.1500534770916528,SL,0
2026-02-10T14:30:00+00:00,2026-02-10T14:40:00+00:00,BTCUSDT,V3_TREND_BREAKOUT,SHORT,69040.06270000001,69040.06270000001,67928.64561445164,2.979629421189294,0.0,,TP,0
2026-02-10T21:30:00+00:00,2026-02-11T00:15:00+00:00,BTCUSDT,V3_TREND_BREAKOUT,SHORT,68424.67055,68974.33879258248,67600.16818612628,-1.8466376006321419,1.606637600632142,-1.1493802957839219,SL,0
2026-02-11T03:15:00+00:00,2026-02-11T06:10:00+00:00,BTCUSDT,V3_TREND_BREAKOUT,SHORT,68025.47025,68025.47025,66862.5811120747,3.178981548092433,0.0,,TP,0
2026-02-11T04:15:00+00:00,2026-02-11T04:20:00+00:00,BTCUSDT,V3_TREND_BREAKOUT,SHORT,68089.938,68089.938,67531.78245747447,-0.24,0.0,,SL,0
2026-02-11T06:00:00+00:00,2026-02-11T06:10:00+00:00,BTCUSDT,V3_TREND_BREAKOUT,SHORT,67380.79275,67380.79275,66775.52142702715,1.5565693138059429,0.0,,TP,0
2026-02-11T15:00:00+00:00,2026-02-11T19:00:00+00:00,BTCUSDT,V3_TREND_BREAKOUT,SHORT,66354.806,67353.39303559983,64856.925446600246,-3.2498408715107505,3.0098408715107507,-1.0797384347696544,SL,0
2026-02-12T05:00:00+00:00,2026-02-12T05:30:00+00:00,BTCUSDT,V3_TREND_BREAKOUT,SHORT,67099.13365,67099.13365,66517.90449018426,-0.24,0.0,,SL,0
2026-02-12T15:00:00+00:00,2026-02-12T16:50:00+00:00,BTCUSDT,V3_TREND_BREAKOUT,SHORT,67235.86525,67235.86525,65832.98065872057,3.933024578662457,0.0,,TP,0
2026-02-12T16:00:00+00:00,2026-02-12T16:05:00+00:00,BTCUSDT,V3_TREND_BREAKOUT,SHORT,67130.11815,67130.11815,66336.46445899084,-0.24,0.0,,SL,0
2026-02-12T16:15:00+00:00,2026-02-12T17:55:00+00:00,BTCUSDT,V3_TREND_BREAKOUT,SHORT,66480.1433,66480.1433,65318.78311370577,3.2538558452061075,0.0,,TP,0
2026-02-12T16:45:00+00:00,2026-02-12T22:40:00+00:00,BTCUSDT,V3_TREND_BREAKOUT,SHORT,66093.9365,66093.9365,64963.789474317746,-0.24,0.0,,SL,0
2026-02-12T17:45:00+00:00,2026-02-13T01:45:00+00:00,BTCUSDT,V3_TREND_BREAKOUT,SHORT,65745.21095000001,66554.03414662747,64531.976155058815,-2.7004779114408226,2.4604779114408224,-1.09754202583329,SL,0
2026-02-12T18:15:00+00:00,2026-02-12T22:45:00+00:00,BTCUSDT,V3_TREND_BREAKOUT,SHORT,65178.594399999994,66199.97076928592,63646.529846071106,-3.374085288853448,3.1340852888534476,-1.0765773671997931,SL,0
2026-02-16T03:15:00+00:00,2026-02-16T04:15:00+00:00,BTCUSDT,V3_TREND_BREAKOUT,SHORT,68283.841,68641.15091727393,67747.8761240891,-1.2865431119316537,1.0465431119316537,-1.2293264341084054,SL,0
2026-02-16T15:30:00+00:00,2026-02-16T21:55:00+00:00,BTCUSDT,V3_TREND_BREAKOUT,SHORT,67361.20254999999,68619.49853089068,65473.758578663954,-3.975966500766365,3.7359665007663647,-1.0642404047120788,SL,0
2026-02-17T05:15:00+00:00,2026-02-17T12:05:00+00:00,BTCUSDT,V3_TREND_BREAKOUT,SHORT,68133.916,68133.916,67464.50091575953,-0.24,0.0,,SL,0
2026-02-17T14:30:00+00:00,2026-02-17T14:35:00+00:00,BTCUSDT,V3_TREND_BREAKOUT,SHORT,68016.1749,68016.1749,67225.70173497603,-0.24,0.0,,SL,0
2026-02-17T14:45:00+00:00,2026-02-17T15:45:00+00:00,BTCUSDT,V3_TREND_BREAKOUT,SHORT,67023.37155,67023.37155,66440.21018247775,-0.24,0.0,,SL,0
2026-02-18T00:45:00+00:00,2026-02-18T02:05:00+00:00,BTCUSDT,V3_TREND_BREAKOUT,SHORT,67293.1366,67293.1366,66757.58909314094,-0.24,0.0,,SL,0
2026-02-18T01:00:00+00:00,2026-02-18T03:35:00+00:00,BTCUSDT,V3_TREND_BREAKOUT,SHORT,67072.34705,67584.31339472227,66304.3975329166,-1.7666093024614686,1.5266093024614686,-1.1572111473531765,SL,0
2026-02-18T11:00:00+00:00,2026-02-18T11:05:00+00:00,BTCUSDT,V3_TREND_BREAKOUT,SHORT,67713.1265,67713.1265,67282.1332014685,-0.24,0.0,,SL,0
2026-02-18T18:30:00+00:00,2026-02-18T18:40:00+00:00,BTCUSDT,V3_TREND_BREAKOUT,SHORT,66785.09075,66785.09075,66082.984912265,-0.24,0.0,,SL,0
2026-02-19T11:30:00+00:00,2026-02-19T11:50:00+00:00,BTCUSDT,V3_TREND_BREAKOUT,SHORT,66784.69095,66784.69095,66471.96496382108,0.696519977049982,0.0,,TP,0
2026-02-19T11:45:00+00:00,2026-02-19T12:20:00+00:00,BTCUSDT,V3_TREND_BREAKOUT,SHORT,66619.2737,66619.2737,66243.93701104817,-0.24,0.0,,SL,0
2026-02-19T13:15:00+00:00,2026-02-19T14:35:00+00:00,BTCUSDT,V3_TREND_BREAKOUT,SHORT,66163.20185,66163.20185,65517.32828167713,-0.24,0.0,,SL,0
2026-02-19T13:30:00+00:00,2026-02-19T14:30:00+00:00,BTCUSDT,V3_TREND_BREAKOUT,SHORT,66182.59215,66182.59215,65712.8880562002,1.1794188487970712,0.0,,TP,0
2026-02-23T00:30:00+00:00,2026-02-23T00:55:00+00:00,BTCUSDT,V3_TREND_BREAKOUT,SHORT,67234.46595000001,67234.46595000001,66698.80501880427,1.3534117230710108,0.0,,TP,0
2026-02-23T00:45:00+00:00,2026-02-23T00:55:00+00:00,BTCUSDT,V3_TREND_BREAKOUT,SHORT,67011.57745000001,67011.57745000001,66531.49518710395,-0.24,0.0,,SL,0
2026-02-23T01:00:00+00:00,2026-02-23T01:05:00+00:00,BTCUSDT,V3_TREND_BREAKOUT,SHORT,66378.5941,66378.5941,65487.60455766794,-0.24,0.0,,SL,0
2026-02-23T01:15:00+00:00,2026-02-23T01:45:00+00:00,BTCUSDT,V3_TREND_BREAKOUT,SHORT,65037.265100000004,65037.265100000004,63940.473535691664,-0.24,0.0,,SL,0
2026-02-23T01:45:00+00:00,2026-02-23T06:35:00+00:00,BTCUSDT,V3_TREND_BREAKOUT,SHORT,64594.486600000004,65473.692099381326,63275.67835092802,-2.9622307836449986,2.7222307836449984,-1.0881629880324277,SL,0
2026-02-23T16:00:00+00:00,2026-02-23T17:35:00+00:00,BTCUSDT,V3_TREND_BREAKOUT,SHORT,65347.31,65347.31,64399.09892422555,2.662066131794698,0.0,,TP,0
2026-02-23T17:00:00+00:00,2026-02-23T17:20:00+00:00,BTCUSDT,V3_TREND_BREAKOUT,SHORT,65346.21055,65346.21055,64734.48042018446,1.6322742288092587,0.0,,TP,0
2026-02-23T17:15:00+00:00,2026-02-23T21:40:00+00:00,BTCUSDT,V3_TREND_BREAKOUT,SHORT,64717.0253,64717.0253,63540.87057767128,-0.24,0.0,,SL,0
2026-02-23T17:30:00+00:00,2026-02-23T18:35:00+00:00,BTCUSDT,V3_TREND_BREAKOUT,SHORT,64502.63255,65005.01927334635,63749.05246498049,-1.7977247113345798,1.5577247113345798,-1.154070869039742,SL,0
2026-02-23T20:00:00+00:00,2026-02-23T20:35:00+00:00,BTCUSDT,V3_TREND_BREAKOUT,SHORT,64304.6316,64304.6316,63679.91163038765,-0.24,0.0,,SL,0
2026-02-24T04:00:00+00:00,2026-02-24T05:05:00+00:00,BTCUSDT,V3_TREND_BREAKOUT,SHORT,63439.2645,63439.2645,62644.28127672507,-0.24,0.0,,SL,0
2026-02-24T05:15:00+00:00,2026-02-24T14:35:00+00:00,BTCUSDT,V3_TREND_BREAKOUT,SHORT,63189.68935,63189.68935,62198.87561677953,-0.24,0.0,,SL,0
