ts_entry,ts_exit,symbol,setup,side,entry,sl,tp,exit_price,qty,pnl_usdt,risk_usdt,r_multiple,risk_status,exit_reason,partial
2025-06-26T07:15:00+00:00,2025-06-26T09:05:00+00:00,BTCUSDT,V3_TREND_BREAKOUT,LONG,107923.935,107555.28169407633,108476.91495888549,107555.28169407633,0.0018531570406508991,-0.9231724694316753,0.6831724694316753,-1.3513022124554488,ok,SL,0
2025-06-26T14:30:00+00:00,2025-06-26T15:25:00+00:00,BTCUSDT,V3_TREND_BREAKOUT,LONG,107631.68895,106918.59268858936,108701.33334211595,106918.59268858936,0.0018581888099229722,-1.5650674933511566,1.3250674933511566,-1.1811228493674906,ok,SL,0
2025-06-26T20:30:00+00:00,2025-06-26T21:15:00+00:00,BTCUSDT,V3_TREND_BREAKOUT,LONG,107825.98605,107317.90509358165,108588.10748462754,107317.90509358165,0.0018548404454864708,-1.1824091075462198,0.9424091075462198,-1.2546664692416816,ok,SL,0
2025-06-27T03:30:00+00:00,2025-06-27T07:35:00+00:00,BTCUSDT,V3_TREND_BREAKOUT,LONG,107413.4799,107071.6354124442,107926.24663133372,107071.6354124442,0.0018619636956757788,-0.8765020253957999,0.6365020253957999,-1.377060858291471,ok,SL,0
2025-06-27T12:15:00+00:00,2025-06-27T12:40:00+00:00,BTCUSDT,V3_TREND_BREAKOUT,LONG,106985.36594999999,106694.90081657874,107421.06365013187,106694.90081657874,0.001869414552392808,-0.7829997473804108,0.5429997473804108,-1.4419891559026132,ok,SL,0
2025-06-27T12:45:00+00:00,2025-06-27T13:35:00+00:00,SOLUSDT,V3_TREND_BREAKOUT,SHORT,141.499215,142.50896632659533,139.984588010107,142.50896632659533,1.4134354031575371,-1.6672182733951357,1.4272182733951357,-1.168159281921942,ok,SL,0
2025-06-27T15:45:00+00:00,2025-06-27T16:30:00+00:00,BTCUSDT,V3_TREND_BREAKOUT,LONG,107103.525,106722.41294472423,107675.19308291364,107675.19308291364,0.001867352171648879,0.8275056360911479,0.7116704240607652,1.1627652465440832,ok,TP,0
2025-06-27T16:30:00+00:00,2025-06-27T17:25:00+00:00,BTCUSDT,V3_TREND_BREAKOUT,LONG,107545.64594999999,106942.4555537752,108450.43154433717,106942.4555537752,0.001859675472989244,-1.3617383854019036,1.1217383854019036,-1.2139536304750873,ok,SL,0
2025-06-28T02:15:00+00:00,2025-06-29T08:30:00+00:00,BTCUSDT,V3_TREND_BREAKOUT,LONG,107122.23435,106833.27065115621,107555.67989826568,107555.67989826568,0.0018670260307168435,0.5692541215103541,0.5395027476735694,1.0551459171710948,ok,TP,0
2025-06-28T03:30:00+00:00,2025-06-29T08:30:00+00:00,BTCUSDT,V3_TREND_BREAKOUT,LONG,107210.3784,106996.62135936615,107531.01396095078,107531.01396095078,0.001865491037199809,0.35814276516120125,0.39876184344080084,0.8981369984422047,ok,TP,0
2025-06-28T03:45:00+00:00,2025-06-28T13:35:00+00:00,BTCUSDT,V3_TREND_BREAKOUT,LONG,107218.78259999999,107040.7484051257,107485.83389231142,107040.7484051257,0.0018653448131950717,-0.5720951619801103,0.33209516198011035,-1.7226844214441581,ok,SL,0
2025-06-28T06:00:00+00:00,2025-06-28T13:25:00+00:00,BTCUSDT,V3_TREND_BREAKOUT,LONG,107352.34935,107149.52791985152,107656.58149522272,107149.52791985152,0.0018630239693026335,-0.6178611858548656,0.3778611858548656,-1.6351538845066311,ok,SL,0
2025-06-28T06:15:00+00:00,2025-06-28T09:35:00+00:00,BTCUSDT,V3_TREND_BREAKOUT,LONG,107397.672,107235.72592557641,107640.59111163541,107235.72592557641,0.001862237758747694,-0.5415820946725893,0.3015820946725893,-1.7958032132529438,ok,SL,0
2025-06-28T07:30:00+00:00,2025-06-28T08:45:00+00:00,BTCUSDT,V3_TREND_BREAKOUT,LONG,107446.79655,107306.12961783975,107657.79694824037,107306.12961783975,0.0018613863458174919,-0.5018355068311304,0.26183550683113044,-1.9166060130828124,ok,SL,0
2025-06-28T15:45:00+00:00,2025-06-28T20:10:00+00:00,BTCUSDT,V3_TREND_BREAKOUT,LONG,107313.63,107155.02426199339,107551.53860700993,107155.02426199339,0.001863696158633344,-0.5355929046601433,0.2955929046601434,-1.8119274726026962,ok,SL,0
2025-06-28T22:30:00+00:00,2025-06-29T02:00:00+00:00,BTCUSDT,V3_TREND_BREAKOUT,LONG,107333.64,107166.0918787412,107584.9621818882,107166.0918787412,0.001863348713413614,-0.5522005761824635,0.3122005761824636,-1.7687365697228357,ok,SL,0
2025-06-29T00:15:00+00:00,2025-06-29T02:00:00+00:00,BTCUSDT,V3_TREND_BREAKOUT,LONG,107270.10825,107144.10560657157,107459.11221514267,107144.10560657157,0.0018644522995528905,-0.47492591828989283,0.23492591828989282,-2.0215986458499056,ok,SL,0
2025-06-29T06:45:00+00:00,2025-06-29T08:30:00+00:00,BTCUSDT,V3_TREND_BREAKOUT,LONG,107342.8446,107234.0651797829,107506.01373032563,107506.01373032563,0.001863188932110711,0.06401491768485801,0.20267661178990534,0.3158475816203988,ok,TP,0
2025-06-29T07:45:00+00:00,2025-06-29T08:30:00+00:00,BTCUSDT,V3_TREND_BREAKOUT,LONG,107327.53695,107227.08677894053,107478.21220658919,107478.21220658919,0.0018634546704744818,0.0407765106160759,0.18718434041071727,0.2178414632688004,ok,TP,0
2025-06-29T08:00:00+00:00,2025-06-29T09:30:00+00:00,BTCUSDT,V3_TREND_BREAKOUT,LONG,107495.22075,107284.44486615906,107811.38457576139,107811.38457576139,0.0018605478327742306,0.3482379208219746,0.3921586138813254,0.8880027328109589,ok,TP,0
2025-06-29T08:30:00+00:00,2025-06-29T10:05:00+00:00,BTCUSDT,V3_TREND_BREAKOUT,LONG,107624.88555,107332.24939990246,108063.83977514633,108063.83977514633,0.0018583062734787734,0.5757113903594354,0.543807593572948,1.05866743525384,ok,TP,0
2025-06-29T09:00:00+00:00,2025-06-29T10:00:00+00:00,BTCUSDT,V3_TREND_BREAKOUT,LONG,107673.20969999999,107491.34463563017,107946.00729655472,107946.00729655472,0.001857472258486969,0.26671396778231826,0.3378093118548879,0.7895400109541387,ok,TP,0
2025-06-29T09:30:00+00:00,2025-06-29T11:50:00+00:00,BTCUSDT,V3_TREND_BREAKOUT,LONG,107912.62935,107663.93797664031,108285.66641003953,108285.66641003953,0.001853351189797508,0.45136867906281886,0.46091245270855485,0.9792937387791283,ok,TP,0
2025-06-29T10:00:00+00:00,2025-06-29T11:50:00+00:00,BTCUSDT,V3_TREND_BREAKOUT,LONG,108016.28115000001,107736.07713291945,108436.58717562084,108436.58717562084,0.0018515727246919756,0.5382271730632089,0.5188181153754815,1.037410138760634,ok,TP,0
2025-06-29T11:45:00+00:00,2025-06-29T12:40:00+00:00,BTCUSDT,V3_TREND_BREAKOUT,LONG,108244.19505000001,107999.6543714068,108611.00606788983,107999.6543714068,0.001847674140009229,-0.6918314880169893,0.4518314880169893,-1.5311714795560591,ok,SL,0
2025-06-29T22:00:00+00:00,2025-06-29T23:25:00+00:00,BTCUSDT,V3_TREND_BREAKOUT,LONG,107734.74045,107326.53366913467,108347.05062129798,108347.05062129798,0.0018564113967752174,0.8966995803589635,0.757799720239309,1.1832936281314417,ok,TP,0
2025-06-29T22:15:00+00:00,2025-06-30T00:05:00+00:00,BTCUSDT,V3_TREND_BREAKOUT,LONG,107906.62634999999,107555.59554991078,108433.17255013381,108433.17255013381,0.0018534542943756855,0.7359293158252213,0.6506195438834809,1.1311208259016248,ok,TP,0
2025-06-29T22:30:00+00:00,2025-06-29T23:20:00+00:00,BTCUSDT,V3_TREND_BREAKOUT,LONG,107850.0981,107590.13158206001,108240.04787690999,108240.04787690999,0.0018544257587467135,0.4831329109194078,0.4820886072796052,1.002166206842546,ok,TP,0
2025-06-29T23:15:00+00:00,2025-06-30T00:20:00+00:00,BTCUSDT,V3_TREND_BREAKOUT,LONG,108108.32715,107763.5517805342,108625.4902041987,108625.4902041987,0.0018499962516532198,0.7167497117611187,0.6378331411740881,1.1237260428985634,ok,TP,0
2025-06-30T00:00:00+00:00,2025-06-30T00:35:00+00:00,BTCUSDT,V3_TREND_BREAKOUT,LONG,108284.5152,107996.34226014344,108716.77460978483,108716.77460978483,0.00184698615153425,0.5583771437429572,0.5322514291619624,1.0490852877974044,ok,TP,0
2025-06-30T00:15:00+00:00,2025-06-30T06:25:00+00:00,BTCUSDT,V3_TREND_BREAKOUT,LONG,108454.70025,108106.34638441891,108977.23104837161,108106.34638441891,0.0018440878960430303,-0.8823951470578785,0.6423951470578785,-1.3736018260710436,ok,SL,0
2025-06-30T00:30:00+00:00,2025-06-30T04:55:00+00:00,BTCUSDT,V3_TREND_BREAKOUT,LONG,108667.3065,108306.89307124613,109207.92664313082,108306.89307124613,0.0018404799607322556,-0.903333693200312,0.663333693200312,-1.3618088489401146,ok,SL,0
2025-06-30T11:15:00+00:00,2025-06-30T12:50:00+00:00,BTCUSDT,V3_TREND_BREAKOUT,LONG,107805.876,107500.25231534765,108264.31152697853,107500.25231534765,0.0018551864464233841,-0.8069889174730205,0.5669889174730205,-1.4232886968402167,ok,SL,0
2025-06-30T13:15:00+00:00,2025-06-30T14:35:00+00:00,SOLUSDT,V3_TREND_BREAKOUT,LONG,150.52522499999998,149.64552849618596,151.84476975572102,151.84476975572102,1.3286809569625293,1.5132539887863183,1.1688359925241998,1.2946675140609922,ok,TP,0
2025-06-30T14:30:00+00:00,2025-06-30T15:25:00+00:00,SOLUSDT,V3_TREND_BREAKOUT,LONG,151.265595,150.04911404462126,153.0903164330681,153.0903164330681,1.3221777232291323,2.172606029901388,1.6084040199342462,1.3507837601588482,ok,TP,0
2025-06-30T15:15:00+00:00,2025-06-30T15:25:00+00:00,SOLUSDT,V3_TREND_BREAKOUT,LONG,151.08550499999998,149.6438387594872,153.24800436076913,153.24800436076913,1.3237537247534106,2.6226165835950273,1.9084110557300307,1.374240929762267,ok,TP,0
2025-06-30T15:30:00+00:00,2025-06-30T15:45:00+00:00,SOLUSDT,V3_TREND_BREAKOUT,LONG,154.547235,152.2464217052381,157.99845494214284,157.99845494214284,1.2941027382340422,4.226233177374985,2.9774887849166563,1.4193951623879189,ok,TP,0
2025-06-30T15:45:00+00:00,2025-06-30T18:35:00+00:00,SOLUSDT,V3_TREND_BREAKOUT,LONG,158.869395,155.39524872629252,164.08061441056122,155.39524872629252,1.2588957111594716,-4.613587843911001,4.373587843911001,-1.054874855282519,ok,SL,0
2025-07-02T14:45:00+00:00,2025-07-02T16:05:00+00:00,BTCUSDT,V3_TREND_BREAKOUT,LONG,108044.7954,107467.06031254657,108911.39803118014,108911.39803118014,0.0018510840735971258,1.3641543287149207,1.0694362191432893,1.2755826895480742,ok,TP,0
2025-07-02T15:00:00+00:00,2025-07-02T16:05:00+00:00,BTCUSDT,V3_TREND_BREAKOUT,LONG,108288.51719999999,107807.27743307897,109010.37685038152,109010.37685038152,0.0018469178927865125,1.0932155043702736,0.88881033624684,1.229976137526225,ok,TP,0
2025-07-02T15:45:00+00:00,2025-07-02T16:05:00+00:00,BTCUSDT,V3_TREND_BREAKOUT,LONG,108476.8113,108110.12974507088,109026.83363239368,109026.83363239368,0.00184371201184082,0.7740827810149333,0.6760551873432888,1.1449993957695466,ok,TP,0
2025-07-02T16:00:00+00:00,2025-07-03T09:20:00+00:00,BTCUSDT,V3_TREND_BREAKOUT,LONG,108920.73315,108286.97762042296,109871.36644436556,109871.36644436556,0.0018361977028245884,1.5055506713426083,1.1637004475617476,1.293761357999926,ok,TP,0
2025-07-03T05:30:00+00:00,2025-07-03T09:15:00+00:00,BTCUSDT,V3_TREND_BREAKOUT,LONG,109238.3919,108847.92678736876,109824.08956894686,109824.08956894686,0.0018308581490570257,0.8323293500750581,0.714886233383372,1.1642822468910308,ok,TP,0
2025-07-03T05:30:00+00:00,2025-07-03T12:35:00+00:00,ETHUSDT,V3_TREND_BREAKOUT,LONG,2599.299,2569.5052330869826,2643.9896503695263,2569.5052330869826,0.07694382216128272,-2.5324463028699205,2.2924463028699207,-1.1046916561140574,ok,SL,0
2025-07-03T05:45:00+00:00,2025-07-03T09:20:00+00:00,BTCUSDT,V3_TREND_BREAKOUT,LONG,109338.54195,108946.88915969958,109926.02113545063,109926.02113545063,0.0018291811508832727,0.8346058525625564,0.716403901708362,1.1649934493270149,ok,TP,0
2025-07-03T06:15:00+00:00,2025-07-03T09:15:00+00:00,BTCUSDT,V3_TREND_BREAKOUT,LONG,109301.92365,109006.09422443484,109745.66778834772,109745.66778834772,0.0018297939626426695,0.5719603453067446,0.541306896871172,1.0566285938951707,ok,TP,0
2025-07-03T09:00:00+00:00,2025-07-03T09:15:00+00:00,BTCUSDT,V3_TREND_BREAKOUT,LONG,109408.47690000001,109145.43089105633,109803.04591341552,109803.04591341552,0.0018280119207106885,0.4812768600666182,0.480851240044421,1.0008851386598439,ok,TP,0
2025-07-03T09:00:00+00:00,2025-07-03T10:15:00+00:00,SOLUSDT,V3_TREND_BREAKOUT,LONG,155.23758,154.43886731613614,156.4356490257958,154.43886731613614,1.2883478343323826,-1.2690197565098202,1.0290197565098202,-1.2332316736211368,ok,SL,0
2025-07-03T09:15:00+00:00,2025-07-03T12:30:00+00:00,BTCUSDT,V3_TREND_BREAKOUT,LONG,109849.4973,109380.08582740945,110553.61450888583,109380.08582740945,0.001820672874394665,-1.0946447350752744,0.8546447350752744,-1.2808184385279826,ok,SL,0
2025-07-03T09:30:00+00:00,2025-07-03T11:30:00+00:00,BTCUSDT,V3_TREND_BREAKOUT,LONG,109942.04355,109551.9796968802,110527.13932967972,109551.9796968802,0.001819140281024911,-0.9495808673820226,0.7095808673820226,-1.3382278342502,ok,SL,0
2025-07-03T09:30:00+00:00,2025-07-03T10:15:00+00:00,ETHUSDT,V3_TREND_BREAKOUT,LONG,2606.14242,2587.9479535588594,2633.4341196617115,2587.9479535588594,0.07674177683658592,-1.636275683286777,1.396275683286777,-1.1718858266120122,ok,SL,0
2025-07-03T13:30:00+00:00,2025-07-03T15:30:00+00:00,ETHUSDT,V3_TREND_BREAKOUT,LONG,2605.171935,2574.6786520599367,2650.9118594100946,2574.6786520599367,0.07677036487037084,-2.580980457404105,2.340980457404105,-1.1025211463175282,ok,SL,0
2025-07-03T13:45:00+00:00,2025-07-03T14:55:00+00:00,BTCUSDT,V3_TREND_BREAKOUT,LONG,110329.137,109506.09615493198,111563.69826760204,109506.09615493198,0.0018127577667901092,-1.7319736842825593,1.4919736842825593,-1.160860746089773,ok,SL,0
2025-07-03T19:00:00+00:00,2025-07-04T02:15:00+00:00,BTCUSDT,V3_TREND_BREAKOUT,LONG,109809.2772,109286.18438228866,110593.91642656701,109286.18438228866,0.001821339736493594,-1.1927297347720605,0.9527297347720605,-1.251907745964725,ok,SL,0
2025-07-03T19:00:00+00:00,2025-07-04T02:40:00+00:00,ETHUSDT,V3_TREND_BREAKOUT,LONG,2590.85478,2571.8213248233415,2619.4049627649883,2571.8213248233415,0.07719460061748423,-1.7092799707329533,1.4692799707329534,-1.1633453152432722,ok,SL,0
2025-07-03T19:15:00+00:00,2025-07-04T00:20:00+00:00,BTCUSDT,V3_TREND_BREAKOUT,LONG,109852.899,109434.19978355375,110480.94782466939,109434.19978355375,0.0018206164955191578,-1.0022907001230021,0.762290700123002,-1.3148405194517971,ok,SL,0
2025-07-03T20:00:00+00:00,2025-07-03T22:05:00+00:00,SOLUSDT,V3_TREND_BREAKOUT,LONG,151.885905,151.02720586891118,153.17395369663325,153.17395369663325,1.316777880080446,1.456074032193099,1.130716021462066,1.2877451142067755,ok,TP,0
2025-07-03T20:15:00+00:00,2025-07-04T02:30:00+00:00,ETHUSDT,V3_TREND_BREAKOUT,LONG,2592.0954,2576.794589285032,2615.0466160724523,2576.794589285032,0.07715765399683977,-1.4205746590166446,1.1805746590166446,-1.2032908280446297,ok,SL,0
2025-07-03T20:15:00+00:00,2025-07-04T02:35:00+00:00,SOLUSDT,V3_TREND_BREAKOUT,LONG,152.14603499999998,151.24169116398895,153.50255075401654,151.24169116398895,1.3145265336687875,-1.428783967996323,1.188783967996323,-1.2018869756500135,ok,SL,0
2025-07-03T20:30:00+00:00,2025-07-04T02:30:00+00:00,SOLUSDT,V3_TREND_BREAKOUT,LONG,152.30611499999998,151.5101417951326,153.50007480730105,151.5101417951326,1.313144912139608,-1.285228164171058,1.045228164171058,-1.2296149378928547,ok,SL,0
2025-07-03T20:45:00+00:00,2025-07-03T23:15:00+00:00,BTCUSDT,V3_TREND_BREAKOUT,LONG,109877.41125,109571.04337690334,110336.963059645,109571.04337690334,0.0018202103391837963,-0.797653970204297,0.557653970204297,-1.4303744128497387,ok,SL,0
2025-07-03T20:45:00+00:00,2025-07-03T23:30:00+00:00,ETHUSDT,V3_TREND_BREAKOUT,LONG,2596.3975499999997,2584.467987699849,2614.291893450226,2584.467987699849,0.0770298061635438,-1.1589318715965353,0.9189318715965352,-1.2611727892112705,ok,SL,0
2025-07-03T20:45:00+00:00,2025-07-04T02:30:00+00:00,SOLUSDT,V3_TREND_BREAKOUT,LONG,152.426175,151.58227452405168,153.69202571392248,151.58227452405168,1.312110600426731,-1.3472907601969502,1.1072907601969502,-1.2167452385833257,ok,SL,0
2025-07-04T11:15:00+00:00,2025-07-04T12:30:00+00:00,BTCUSDT,V3_TREND_BREAKOUT,LONG,108939.34245,108717.67390978057,109271.84526032914,108717.67390978057,0.0018358840387878623,-0.6469577348902515,0.4069577348902515,-1.589741831703293,ok,SL,0
2025-07-05T16:15:00+00:00,2025-07-05T16:35:00+00:00,SOLUSDT,V3_TREND_BREAKOUT,SHORT,146.95648500000001,147.54505110549044,146.07363584176437,146.07363584176437,1.3609470857989014,0.9615109891008122,0.8010073260672081,1.2003772722300134,ok,TP,0
2025-07-05T16:30:00+00:00,2025-07-05T21:30:00+00:00,SOLUSDT,V3_TREND_BREAKOUT,SHORT,146.236845,147.28754745509826,144.66079131735256,147.28754745509826,1.3676443853804423,-1.676987313420602,1.436987313420602,-1.1670160882831349,ok,SL,0
2025-07-06T01:15:00+00:00,2025-07-06T04:05:00+00:00,SOLUSDT,V3_TREND_BREAKOUT,SHORT,146.98647,147.63313596707007,146.01647104939488,147.63313596707007,1.3606694548144465,-1.1198986288602994,0.8798986288602996,-1.272758693022244,ok,SL,0
2025-07-06T09:45:00+00:00,2025-07-06T11:55:00+00:00,SOLUSDT,V3_TREND_BREAKOUT,SHORT,147.06643,147.8177079396991,145.93951309045136,147.8177079396991,1.359929658998318,-1.2616851523479473,1.0216851523479473,-1.234906027016692,ok,SL,0
2025-07-06T21:00:00+00:00,2025-07-06T21:25:00+00:00,ETHUSDT,V3_TREND_BREAKOUT,LONG,2547.21297,2536.476442465319,2563.3177613020216,2563.3177613020216,0.07851718814073093,1.0245029286280345,0.8430019524186896,1.2153031504714709,ok,TP,0
2025-07-06T21:15:00+00:00,2025-07-06T21:30:00+00:00,BTCUSDT,V3_TREND_BREAKOUT,LONG,108964.75515,108667.87480162432,109410.07567256351,109410.07567256351,0.001835455874926545,0.5773661693645672,0.5449107795763781,1.0595609244754167,ok,TP,0
2025-07-06T21:15:00+00:00,2025-07-06T21:25:00+00:00,ETHUSDT,V3_TREND_BREAKOUT,LONG,2551.65519,2541.7509822892243,2566.511501566163,2566.511501566163,0.07838049622997847,0.9244450727030391,0.7762967151353714,1.190839861459202,ok,TP,0
2025-07-06T21:30:00+00:00,2025-07-06T23:35:00+00:00,BTCUSDT,V3_TREND_BREAKOUT,LONG,109356.75105,108923.06945865115,110007.27343702328,108923.06945865115,0.001828876572133678,-1.0331501021835698,0.7931501021835698,-1.30259089589634,ok,SL,0
2025-07-06T21:30:00+00:00,2025-07-07T01:00:00+00:00,ETHUSDT,V3_TREND_BREAKOUT,LONG,2580.8797950000003,2553.6501978399942,2621.7241907400094,2553.6501978399942,0.07749295429700552,-2.35010192824622,2.11010192824622,-1.11373858143406,ok,SL,0
2025-07-07T03:15:00+00:00,2025-07-07T04:40:00+00:00,BTCUSDT,V3_TREND_BREAKOUT,LONG,109464.00465,109148.40723485884,109937.40077271176,109148.40723485884,0.0018270846260328188,-0.8166231852201191,0.5766231852201191,-1.4162163543742745,ok,SL,0
2025-07-07T03:15:00+00:00,2025-07-07T06:00:00+00:00,ETHUSDT,V3_TREND_BREAKOUT,LONG,2577.7382249999996,2563.083227858355,2599.7207207124666,2563.083227858355,0.07758739737818025,-1.3770430868048908,1.1370430868048909,-1.211073795518518,ok,SL,0
2025-07-07T08:30:00+00:00,2025-07-07T10:00:00+00:00,ETHUSDT,V3_TREND_BREAKOUT,LONG,2576.06739,2564.945171508722,2592.750717736917,2564.945171508722,0.07763772049457138,-1.1035036905054016,0.8635036905054018,-1.2779374340132001,ok,SL,0
2025-07-07T19:15:00+00:00,2025-07-07T20:15:00+00:00,ETHUSDT,V3_TREND_BREAKOUT,LONG,2553.4260750000003,2529.7155204858686,2588.991906771198,2529.7155204858686,0.0783261367768401,-2.097156135928601,1.8571561359286008,-1.1292298452224627,ok,SL,0
2025-07-08T00:00:00+00:00,2025-07-08T01:30:00+00:00,ETHUSDT,V3_TREND_BREAKOUT,LONG,2543.801265,2529.7270139675147,2564.912641548728,2529.7270139675147,0.07862249412003496,-1.3465527190454742,1.1065527190454743,-1.2168898018767935,ok,SL,0
2025-07-08T00:15:00+00:00,2025-07-08T01:05:00+00:00,ETHUSDT,V3_TREND_BREAKOUT,LONG,2543.81127,2533.4665129698346,2559.3284055452486,2533.4665129698346,0.07862218489188469,-1.0533273998872967,0.8133273998872967,-1.2950841199168464,ok,SL,0
2025-07-08T06:00:00+00:00,2025-07-08T09:00:00+00:00,ETHUSDT,V3_TREND_BREAKOUT,LONG,2554.3965599999997,2543.671958532564,2570.483462201153,2543.671958532564,0.07829637853881233,-1.0796974561722403,0.8396974561722402,-1.2858172288553067,ok,SL,0
2025-07-08T06:30:00+00:00,2025-07-08T09:00:00+00:00,ETHUSDT,V3_TREND_BREAKOUT,LONG,2554.566645,2544.249647918384,2570.042140622423,2544.249647918384,0.07829116550607745,-1.0477297260424914,0.8077297260424914,-1.2971290919004441,ok,SL,0
2025-07-08T10:30:00+00:00,2025-07-08T13:45:00+00:00,ETHUSDT,V3_TREND_BREAKOUT,LONG,2565.0919049999998,2550.6554435107364,2586.746597233895,2586.746597233895,0.07796991585765424,1.4484145314002133,1.1256096876001305,1.2867822188775957,ok,TP,0
2025-07-08T11:00:00+00:00,2025-07-08T13:45:00+00:00,ETHUSDT,V3_TREND_BREAKOUT,LONG,2569.3440299999997,2554.129999761808,2592.1650753572876,2592.1650753572876,0.07784087987625388,1.5364102503071855,1.1842735002047784,1.297344110158268,ok,TP,0
2025-07-08T13:30:00+00:00,2025-07-08T14:20:00+00:00,BTCUSDT,V3_TREND_BREAKOUT,LONG,108725.9358,108410.14846244687,109199.61680632971,108410.14846244687,0.001839487501564461,-0.8208868605813083,0.5808868605813083,-1.4131613508348697,ok,SL,0
2025-07-08T13:45:00+00:00,2025-07-08T14:10:00+00:00,ETHUSDT,V3_TREND_BREAKOUT,LONG,2596.2975,2571.8865977027076,2632.913853445939,2571.8865977027076,0.07703277455684489,-2.120439533396502,1.8804395333965018,-1.127629735355811,ok,SL,0
2025-07-08T17:00:00+00:00,2025-07-08T17:10:00+00:00,ETHUSDT,V3_TREND_BREAKOUT,LONG,2581.400055,2561.1716101504594,2611.742722274311,2611.742722274311,0.07747733622791761,2.110869034463608,1.5672460229757503,1.3468651402003073,ok,TP,0
2025-07-08T18:00:00+00:00,2025-07-08T21:20:00+00:00,BTCUSDT,V3_TREND_BREAKOUT,LONG,108997.4715,108572.61612863532,109634.75455704702,108572.61612863532,0.0018349049500657453,-1.0195692239790781,0.779569223979078,-1.3078623329625454,ok,SL,0
2025-07-08T18:45:00+00:00,2025-07-08T20:15:00+00:00,BTCUSDT,V3_TREND_BREAKOUT,LONG,108993.8697,108661.09104759904,109493.03767860142,108661.09104759904,0.0018349655861425022,-0.8506373749586342,0.6106373749586342,-1.3930319529102817,ok,SL,0
2025-07-08T23:30:00+00:00,2025-07-09T01:45:00+00:00,ETHUSDT,V3_TREND_BREAKOUT,LONG,2612.6756849999997,2600.296445059774,2631.244544910338,2600.296445059774,0.07654987610909696,-1.1876292837490459,0.947629283749046,-1.2532635959185463,ok,SL,0
2025-07-09T01:00:00+00:00,2025-07-09T01:25:00+00:00,BTCUSDT,V3_TREND_BREAKOUT,LONG,109024.98525,108712.53125027465,109493.66624958802,108712.53125027465,0.0018344418900070431,-0.8131787057964222,0.5731787057964222,-1.4187175789556314,ok,SL,0
2025-07-09T01:00:00+00:00,2025-07-09T01:35:00+00:00,ETHUSDT,V3_TREND_BREAKOUT,LONG,2617.017855,2601.934503771882,2639.642881842177,2601.934503771882,0.07642286414587722,-1.3927129017710018,1.1527129017710018,-1.208204488412743,ok,SL,0
2025-07-09T05:30:00+00:00,2025-07-09T11:15:00+00:00,BTCUSDT,V3_TREND_BREAKOUT,LONG,108585.2655,108304.99886791859,109005.6654481221,109005.6654481221,0.0018418705252417511,0.5343222732592772,0.5162148488395092,1.0350773025233095,ok,TP,0
2025-07-09T05:30:00+00:00,2025-07-09T05:35:00+00:00,ETHUSDT,V3_TREND_BREAKOUT,LONG,2610.274485,2594.1359196255285,2634.4823330617073,2634.4823330617073,0.07662029458944047,1.6148124498644374,1.2365416332429466,1.3059102956601953,ok,TP,0
2025-07-09T10:30:00+00:00,2025-07-09T12:05:00+00:00,BTCUSDT,V3_TREND_BREAKOUT,LONG,108830.68815,108635.45317240573,109123.5406163914,109123.5406163914,0.0018377169473038934,0.29817994054721875,0.35878662703148806,0.8310787473164368,ok,TP,0
2025-07-09T10:45:00+00:00,2025-07-09T12:05:00+00:00,BTCUSDT,V3_TREND_BREAKOUT,LONG,108873.0093,108645.73508866246,109213.92061700631,109213.92061700631,0.0018370025894011914,0.3862549720967554,0.4175033147311792,0.9251542645726205,ok,TP,0
2025-07-09T11:00:00+00:00,2025-07-09T12:05:00+00:00,BTCUSDT,V3_TREND_BREAKOUT,LONG,108954.04980000001,108754.53258232943,109253.32562650589,109253.32562650589,0.0018356362188200184,0.3093615465514896,0.3662410310343175,0.8446938500522675,ok,TP,0
2025-07-09T11:00:00+00:00,2025-07-09T11:45:00+00:00,SOLUSDT,V3_TREND_BREAKOUT,LONG,153.226575,152.51785437317966,154.2896559402305,154.2896559402305,1.305256611002367,1.1475934252664617,0.9250622835109868,1.240558009684363,ok,TP,0
2025-07-09T11:15:00+00:00,2025-07-09T12:10:00+00:00,BTCUSDT,V3_TREND_BREAKOUT,LONG,109045.69559999999,108851.68025502018,109336.71861746971,109336.71861746971,0.0018340934862173506,0.2937634206805332,0.3558422804536799,0.825543890697869,ok,TP,0
2025-07-09T11:45:00+00:00,2025-07-09T14:45:00+00:00,SOLUSDT,V3_TREND_BREAKOUT,LONG,153.97695000000002,152.74874856336578,155.81925215495136,152.74874856336578,1.2988957113386126,-1.8353055787041328,1.5953055787041328,-1.1504413970613405,ok,SL,0
2025-07-09T12:00:00+00:00,2025-07-09T12:20:00+00:00,BTCUSDT,V3_TREND_BREAKOUT,LONG,109064.505,108796.26469397936,109466.86545903096,109466.86545903096,0.0018337771761766121,0.49783942636691025,0.49189295091128243,1.012088962536689,ok,TP,0
2025-07-09T12:00:00+00:00,2025-07-09T12:15:00+00:00,ETHUSDT,V3_TREND_BREAKOUT,LONG,2629.704195,2613.387003433635,2654.1799823495467,2654.1799823495467,0.07605418144758293,1.621485972154892,1.2409906481032729,1.30660611716387,ok,TP,0
2025-07-09T12:15:00+00:00,2025-07-09T13:55:00+00:00,BTCUSDT,V3_TREND_BREAKOUT,LONG,109470.708,109197.8886444094,109879.93703338591,109197.8886444094,0.0018269727459879039,-0.7384335272420155,0.49843352724201556,-1.4815085400213606,ok,SL,0
2025-07-09T12:15:00+00:00,2025-07-09T14:30:00+00:00,ETHUSDT,V3_TREND_BREAKOUT,LONG,2658.038355,2637.532931759804,2688.7964898602945,2637.532931759804,0.07524345900569218,-1.7828989729680744,1.5428989729680744,-1.155551338230728,ok,SL,0
2025-07-09T13:00:00+00:00,2025-07-09T13:55:00+00:00,BTCUSDT,V3_TREND_BREAKOUT,LONG,109490.61795,109132.11506988609,110028.37227017086,109132.11506988609,0.0018266405263264842,-0.8948558896208374,0.6548558896208374,-1.3664928479744762,ok,SL,0
2025-07-09T18:00:00+00:00,2025-07-09T18:05:00+00:00,ETHUSDT,V3_TREND_BREAKOUT,LONG,2666.7327,2645.872554285888,2698.0229185711682,2698.0229185711682,0.07499814285848747,2.1067082824737717,1.5644721883158481,1.3465936296008176,ok,TP,0
2025-07-09T19:00:00+00:00,2025-07-09T19:20:00+00:00,BTCUSDT,V3_TREND_BREAKOUT,LONG,109566.65595,109214.01355521544,110095.61954217684,110095.61954217684,0.001825372858794455,0.7255557844500135,0.6437038563000178,1.1271577408600237,ok,TP,0
2025-07-09T19:15:00+00:00,2025-07-09T19:35:00+00:00,BTCUSDT,V3_TREND_BREAKOUT,LONG,109980.963,109364.26258698576,110906.01361952137,110906.01361952137,0.001818496533804673,1.442201345193472,1.1214675634623148,1.285994702103513,ok,TP,0
2025-07-09T19:15:00+00:00,2025-07-09T19:50:00+00:00,ETHUSDT,V3_TREND_BREAKOUT,LONG,2737.378005,2706.389874826096,2783.8602002608563,2783.8602002608563,0.07306261672106919,3.1561108166978435,2.2640738777985625,1.3939963919227933,ok,TP,0
2025-07-09T19:15:00+00:00,2025-07-09T19:50:00+00:00,SOLUSDT,V3_TREND_BREAKOUT,LONG,155.347635,154.05293796494473,157.2896805525829,157.2896805525829,1.287435112867988,2.2602576351843364,1.6668384234562241,1.356014838257475,ok,TP,0
2025-07-09T19:30:00+00:00,2025-07-09T19:40:00+00:00,BTCUSDT,V3_TREND_BREAKOUT,LONG,110437.191,109860.81525934393,111301.75461098412,111301.75461098412,0.0018109841276205585,1.3257109768105462,1.0438073178736975,1.2700725067832486,ok,TP,0
2025-07-09T19:30:00+00:00,2025-07-09T19:50:00+00:00,ETHUSDT,V3_TREND_BREAKOUT,LONG,2740.819725,2719.689169481375,2772.515558277937,2772.515558277937,0.07297087005603771,2.0728725314421954,1.5419150209614745,1.3443493988077486,ok,TP,0
2025-07-09T19:30:00+00:00,2025-07-09T19:50:00+00:00,SOLUSDT,V3_TREND_BREAKOUT,LONG,155.827875,154.65558525316294,157.5863096202556,157.5863096202556,1.2834674155699035,2.016893537508099,1.5045956916720657,1.340488709805299,ok,TP,0
2025-07-09T19:45:00+00:00,2025-07-09T20:30:00+00:00,BTCUSDT,V3_TREND_BREAKOUT,LONG,111549.84705000001,110805.87845510506,112665.79994234243,110805.87845510506,0.0017929204323368902,-1.5738764948041193,1.3338764948041193,-1.179926703060499,ok,SL,0
2025-07-09T19:45:00+00:00,2025-07-10T17:10:00+00:00,SOLUSDT,V3_TREND_BREAKOUT,LONG,156.928425,155.32375773507988,159.3354258973802,159.3354258973802,1.2744663689831845,2.8276416938233924,2.0450944625489287,1.382646007607456,ok,TP,0
2025-07-09T22:00:00+00:00,2025-07-10T15:40:00+00:00,SOLUSDT,V3_TREND_BREAKOUT,LONG,157.228575,155.73337200208908,159.4713794968664,155.73337200208908,1.2720334074133788,-2.14194816420733,1.9019481642073301,-1.126186404296683,ok,SL,0
2025-07-10T02:00:00+00:00,2025-07-10T07:05:00+00:00,ETHUSDT,V3_TREND_BREAKOUT,LONG,2777.8582349999997,2760.413080299717,2804.025967050424,2804.025967050424,0.07199791460920252,1.6440221376829258,1.2560147584552839,1.3089194427180417,ok,TP,0
2025-07-10T02:00:00+00:00,2025-07-10T06:05:00+00:00,SOLUSDT,V3_TREND_BREAKOUT,LONG,158.39916,156.81799663624943,160.77090504562585,156.81799663624943,1.2626329584071028,-2.236428975697298,1.9964289756972984,-1.1202146447088979,ok,SL,0
2025-07-10T07:00:00+00:00,2025-07-10T09:55:00+00:00,BTCUSDT,V3_TREND_BREAKOUT,LONG,111262.10325,110991.20511048846,111668.4504592673,110991.20511048846,0.001797557246878667,-0.7269549138449181,0.48695491384491807,-1.4928587702401408,ok,SL,0
2025-07-10T07:00:00+00:00,2025-07-10T09:10:00+00:00,ETHUSDT,V3_TREND_BREAKOUT,LONG,2798.89875,2780.594629767356,2826.354930348966,2780.594629767356,0.07145667559428508,-1.5479515815028309,1.3079515815028309,-1.1834930309302742,ok,SL,0
2025-07-10T07:00:00+00:00,2025-07-10T08:40:00+00:00,SOLUSDT,V3_TREND_BREAKOUT,LONG,157.63878,156.69988155721995,159.04712766417006,159.04712766417006,1.2687233433296046,1.5468035570562848,1.1912023713708566,1.2985228994097755,ok,TP,0
2025-07-10T08:30:00+00:00,2025-07-10T10:00:00+00:00,SOLUSDT,V3_TREND_BREAKOUT,LONG,158.59926000000002,157.78323272102335,159.823300918465,157.78323272102335,1.2610399317121654,-1.2690429841559943,1.0290429841559943,-1.2332264090958691,ok,SL,0
2025-07-10T13:15:00+00:00,2025-07-10T13:40:00+00:00,ETHUSDT,V3_TREND_BREAKOUT,LONG,2784.301455,2772.4966382353578,2802.008680146963,2772.4966382353578,0.07183130247654883,-1.087955363701238,0.847955363701238,-1.2830337660138438,ok,SL,0
2025-07-10T16:00:00+00:00,2025-07-10T16:20:00+00:00,BTCUSDT,V3_TREND_BREAKOUT,LONG,111380.4624,111027.7608623838,111909.5147064243,111909.5147064243,0.0017956470613467303,0.7099912193295087,0.6333274795530058,1.121049129007652,ok,TP,0
2025-07-10T16:15:00+00:00,2025-07-10T16:35:00+00:00,BTCUSDT,V3_TREND_BREAKOUT,LONG,111731.33775,111094.68508649924,112686.31674525116,112686.31674525116,0.001790008103612811,1.4694201402795772,1.139613426853043,1.2894022706781114,ok,TP,0
2025-07-10T16:15:00+00:00,2025-07-10T16:30:00+00:00,ETHUSDT,V3_TREND_BREAKOUT,LONG,2779.0888499999996,2757.8504370453124,2810.9464694320304,2810.9464694320304,0.07196603303992963,2.052666492619032,1.5284443284126878,1.3429775978499372,ok,TP,0
2025-07-10T16:30:00+00:00,2025-07-10T17:30:00+00:00,BTCUSDT,V3_TREND_BREAKOUT,LONG,112659.5016,112021.58615174929,113616.37477237608,113616.37477237608,0.0017752608271790898,1.4586994594978255,1.1324663063318836,1.2880731650397863,ok,TP,0
2025-07-10T16:30:00+00:00,2025-07-10T17:50:00+00:00,SOLUSDT,V3_TREND_BREAKOUT,LONG,158.609265,157.08749037825504,160.89192693261742,160.89192693261742,1.2609603858891851,2.638346271407827,1.9188975142718847,1.3749281823469002,ok,TP,0
2025-07-10T17:00:00+00:00,2025-07-10T17:30:00+00:00,BTCUSDT,V3_TREND_BREAKOUT,LONG,112731.5376,112077.05846757976,113713.25629863035,113713.25629863035,0.0017741264268890803,1.5016930870112728,1.161128724674182,1.2933045708886883,ok,TP,0
2025-07-10T17:00:00+00:00,2025-07-10T21:15:00+00:00,ETHUSDT,V3_TREND_BREAKOUT,LONG,2807.633115,2784.511971643058,2842.3148300354133,2842.3148300354133,0.0712343784989158,2.23053041582416,1.647020277216096,1.3542823040371743,ok,TP,0
2025-07-10T17:00:00+00:00,2025-07-10T17:50:00+00:00,SOLUSDT,V3_TREND_BREAKOUT,LONG,158.269095,156.99855037716887,160.17491193424667,160.17491193424667,1.2636705858462134,2.1683248018151273,1.6055498678767635,1.3505185016038135,ok,TP,0
2025-07-10T17:30:00+00:00,2025-07-10T18:35:00+00:00,BTCUSDT,V3_TREND_BREAKOUT,LONG,113627.9856,113016.18510724988,114545.68633912518,113016.18510724988,0.001760129768594613,-1.3168482597303335,1.0768482597303335,-1.2228726265110939,ok,SL,0
2025-07-10T17:45:00+00:00,2025-07-10T18:40:00+00:00,SOLUSDT,V3_TREND_BREAKOUT,LONG,159.729825,158.27443337413996,161.91291243879007,158.27443337413996,1.2521143124022078,-2.062316684889682,1.822316684889682,-1.1317004898160876,ok,SL,0
2025-07-10T21:15:00+00:00,2025-07-14T05:20:00+00:00,BTCUSDT,V3_TREND_BREAKOUT,LONG,116442.69225,112933.44963198683,121706.55617701972,121706.55617701972,0.0017175830971908846,8.801123706961922,6.02741580464129,1.4601819406892078,ok,TP,0
2025-07-10T21:15:00+00:00,2025-07-10T21:45:00+00:00,ETHUSDT,V3_TREND_BREAKOUT,LONG,2874.526545,2799.625710420444,2986.877796869334,2986.877796869334,0.06957667527818916,7.577026568410676,5.2113510456071275,1.4539466833265202,ok,TP,0
2025-07-10T21:15:00+00:00,2025-07-11T22:25:00+00:00,SOLUSDT,V3_TREND_BREAKOUT,LONG,163.371645,159.46616669732612,169.22986245401083,159.46616669732612,1.2242026454468278,-5.021096869868557,4.7810968698685565,-1.0501976861235607,ok,SL,0
2025-07-10T21:30:00+00:00,2025-07-10T21:40:00+00:00,ETHUSDT,V3_TREND_BREAKOUT,LONG,2906.81268,2867.3095882475554,2966.067317628667,2966.067317628667,0.06880388315906204,3.836949164035354,2.7179661093569027,1.41169867822348,ok,TP,0
2025-07-10T22:00:00+00:00,2025-07-11T00:25:00+00:00,SOLUSDT,V3_TREND_BREAKOUT,LONG,163.511715,162.17965679082562,165.5098023137616,162.17965679082562,1.2231539495503425,-1.8693122595826133,1.6293122595826133,-1.1473014141939137,ok,SL,0
2025-07-11T02:15:00+00:00,2025-07-11T05:05:00+00:00,BTCUSDT,V3_TREND_BREAKOUT,LONG,116238.6903,115560.5759758361,117255.86178624586,117255.86178624586,0.0017205975005724922,1.510142716888236,1.1667618112588238,1.2943024894335007,ok,TP,0
2025-07-11T02:30:00+00:00,2025-07-11T05:05:00+00:00,BTCUSDT,V3_TREND_BREAKOUT,LONG,116387.66475,115833.42054899066,117219.031051514,117219.031051514,0.0017183951618034334,1.18861583020808,0.9524105534720533,1.2480078322052715,ok,TP,0
2025-07-11T02:45:00+00:00,2025-07-11T05:30:00+00:00,BTCUSDT,V3_TREND_BREAKOUT,LONG,116609.47559999999,116016.45479549131,117499.006806763,117499.006806763,0.001715126484969803,1.2856585319263967,1.017105687950931,1.2640363210597065,ok,TP,0
2025-07-11T03:15:00+00:00,2025-07-11T04:30:00+00:00,ETHUSDT,V3_TREND_BREAKOUT,LONG,2971.8852,2946.0153765550613,3010.6899351674083,2946.0153765550613,0.06729735051676962,-1.9809705761809977,1.7409705761809977,-1.1378541391127157,ok,SL,0
2025-07-11T03:45:00+00:00,2025-07-11T05:30:00+00:00,BTCUSDT,V3_TREND_BREAKOUT,LONG,116779.16040000001,116205.91712343888,117639.02531484171,117639.02531484171,0.0017126343374532429,1.2326341787292083,0.9817561191527973,1.2555401027628994,ok,TP,0
2025-07-11T05:00:00+00:00,2025-07-11T05:30:00+00:00,BTCUSDT,V3_TREND_BREAKOUT,LONG,116990.466,116550.41738675289,117650.53891987067,117650.53891987067,0.0017095410150772456,0.8884217294607042,0.7522811529738027,1.180970340608337,ok,TP,0
2025-07-11T05:00:00+00:00,2025-07-11T05:30:00+00:00,ETHUSDT,V3_TREND_BREAKOUT,LONG,2974.196355,2950.486477218295,3009.761171672558,3009.761171672558,0.06724505584971709,2.1515580834310954,1.5943720556207202,1.3494705177791466,ok,TP,0
2025-07-11T05:00:00+00:00,2025-07-11T05:50:00+00:00,SOLUSDT,V3_TREND_BREAKOUT,LONG,165.16254,164.12271101686144,166.72228347470787,166.72228347470787,1.2109283376242579,1.6487375729482703,1.2591583819655021,1.3093964957566726,ok,TP,0
2025-07-11T05:15:00+00:00,2025-07-11T05:40:00+00:00,BTCUSDT,V3_TREND_BREAKOUT,LONG,117216.7791,116732.09471627054,117943.8056755942,117943.8056755942,0.001706240365377861,1.0004820899812537,0.8269880599874941,1.2097902477532543,ok,TP,0
2025-07-11T05:30:00+00:00,2025-07-11T15:50:00+00:00,BTCUSDT,V3_TREND_BREAKOUT,LONG,117838.99005000001,117024.7950936798,119060.28248448033,117024.7950936798,0.001697231110985748,-1.6218770102743374,1.3818770102743374,-1.173676816544154,ok,SL,0
2025-07-11T05:30:00+00:00,2025-07-11T07:55:00+00:00,ETHUSDT,V3_TREND_BREAKOUT,LONG,3017.508,2968.0225747443465,3091.73613788348,2968.0225747443465,0.06627985741877072,-3.51988693025194,3.2798869302519402,-1.0731732541711627,ok,SL,0
2025-07-11T05:30:00+00:00,2025-07-11T06:45:00+00:00,SOLUSDT,V3_TREND_BREAKOUT,LONG,165.84287999999998,164.2634089890285,168.2120865164572,164.2634089890285,1.2059607262006065,-2.1447800074039653,1.9047800074039651,-1.1259988025216086,ok,SL,0
2025-07-11T09:30:00+00:00,2025-07-11T11:10:00+00:00,BTCUSDT,V3_TREND_BREAKOUT,LONG,118468.30455,117759.53283139569,119531.46212790647,117759.53283139569,0.0016882152636496055,-1.4365592337909685,1.1965592337909685,-1.200575110050863,ok,SL,0
2025-07-11T13:00:00+00:00,2025-07-11T15:35:00+00:00,SOLUSDT,V3_TREND_BREAKOUT,LONG,166.04298,164.107239826174,168.946590260739,164.107239826174,1.2045074112738763,-2.571613385673988,2.331613385673988,-1.1029330168863414,ok,SL,0
2025-07-11T14:15:00+00:00,2025-07-11T15:10:00+00:00,SOLUSDT,V3_TREND_BREAKOUT,LONG,166.50321,164.75972306326906,169.1184404050964,164.75972306326906,1.2011780433542392,-2.3342382272761366,2.094238227276137,-1.1146001428462868,ok,SL,0
2025-07-11T19:15:00+00:00,2025-07-11T22:25:00+00:00,BTCUSDT,V3_TREND_BREAKOUT,LONG,118015.9785,117325.1037809982,119052.2905785027,117325.1037809982,0.0016946857751130708,-1.410815558677597,1.170815558677597,-1.2049853183289374,ok,SL,0
2025-07-12T01:00:00+00:00,2025-07-12T11:40:00+00:00,SOLUSDT,V3_TREND_BREAKOUT,LONG,163.411665,161.92215137057886,165.6459354441317,161.92215137057886,1.2239028345987417,-2.0630199532219926,1.8230199532219926,-1.1316496835790666,ok,SL,0
2025-07-12T02:15:00+00:00,2025-07-12T04:45:00+00:00,ETHUSDT,V3_TREND_BREAKOUT,LONG,2966.992755,2948.9280178134927,2994.0898607797617,2948.9280178134927,0.06740832098863686,-1.4577136028434623,1.2177136028434623,-1.197090678333214,ok,SL,0
2025-07-12T03:15:00+00:00,2025-07-12T05:05:00+00:00,BTCUSDT,V3_TREND_BREAKOUT,LONG,117838.78994999999,117525.24476997547,118309.10772003677,117525.24476997547,0.0016972339930243828,-0.7721595378865667,0.5321595378865667,-1.4509925744319885,ok,SL,0
2025-07-12T06:15:00+00:00,2025-07-12T09:50:00+00:00,BTCUSDT,V3_TREND_BREAKOUT,LONG,117749.0451,117485.27657719847,118144.6978842023,118144.6978842023,0.0016985275747259541,0.43202716398468954,0.4480181093231346,0.9643073683726666,ok,TP,0
2025-07-12T07:00:00+00:00,2025-07-12T12:20:00+00:00,ETHUSDT,V3_TREND_BREAKOUT,LONG,2962.890705,2947.2233085512107,2986.3917996731834,2947.2233085512107,0.06750164616686392,-1.2975750514421407,1.0575750514421407,-1.2269342489431165,ok,SL,0
2025-07-12T09:45:00+00:00,2025-07-12T11:35:00+00:00,BTCUSDT,V3_TREND_BREAKOUT,LONG,118075.90844999999,117828.97890807087,118446.30276289367,117828.97890807087,0.00169382562984634,-0.6582555868857525,0.41825558688575254,-1.5738118211091738,ok,SL,0
2025-07-12T19:00:00+00:00,2025-07-12T20:50:00+00:00,BTCUSDT,V3_TREND_BREAKOUT,LONG,117558.75,117260.34994129371,118006.35008805944,117260.34994129371,0.0017012770210639361,-0.7476611629611425,0.5076611629611425,-1.472756274283621,ok,SL,0
2025-07-12T23:45:00+00:00,2025-07-13T12:50:00+00:00,ETHUSDT,V3_TREND_BREAKOUT,LONG,2946.17235,2923.227671447633,2980.58936782855,2980.58936782855,0.06788469113152867,2.096388624959456,1.557592416639637,1.3459160448933247,ok,TP,0
2025-07-13T04:45:00+00:00,2025-07-13T12:50:00+00:00,BTCUSDT,V3_TREND_BREAKOUT,LONG,117875.9085,117634.81369336278,118237.55070995583,118237.55070995583,0.0016966995422987557,0.3735981721079602,0.4090654480719817,0.9132968180735215,ok,TP,0
2025-07-13T06:30:00+00:00,2025-07-13T09:35:00+00:00,BTCUSDT,V3_TREND_BREAKOUT,LONG,117910.926,117668.14746491027,118275.0938026346,117668.14746491027,0.0016961956519618885,-0.6517998956088802,0.41179989560888025,-1.5828073356967225,ok,SL,0
2025-07-13T07:45:00+00:00,2025-07-13T08:45:00+00:00,SOLUSDT,V3_TREND_BREAKOUT,LONG,162.351135,161.70585860201717,163.31904959697425,161.70585860201717,1.231897762833626,-1.034914551084384,0.7949145510843841,-1.301919243612541,ok,SL,0
2025-07-13T12:15:00+00:00,2025-07-13T12:50:00+00:00,BTCUSDT,V3_TREND_BREAKOUT,LONG,118123.4322,117869.18175893633,118504.80786159549,118504.80786159549,0.0016931441651760607,0.40572397617056666,0.43048265078037773,0.9424862429068196,ok,TP,0
2025-07-13T12:30:00+00:00,2025-07-13T12:50:00+00:00,ETHUSDT,V3_TREND_BREAKOUT,LONG,2969.38395,2954.97256193438,2991.00103209843,2991.00103209843,0.06735403820041527,1.2159977734391858,0.9706651822927803,1.2527468746400405,ok,TP,0
2025-07-13T12:45:00+00:00,2025-07-13T12:50:00+00:00,BTCUSDT,V3_TREND_BREAKOUT,LONG,118159.05,117867.15978193999,118596.88532709001,118596.88532709001,0.0016926337847164479,0.5010948667749302,0.4940632445166283,1.014232231068274,ok,TP,0
2025-07-13T12:45:00+00:00,2025-07-13T13:45:00+00:00,ETHUSDT,V3_TREND_BREAKOUT,LONG,2975.376945,2961.0402360819244,2996.8820083771134,2996.8820083771134,0.0672183739058985,1.205535390952853,0.9636902606352354,1.2509573253943653,ok,TP,0
2025-07-13T13:45:00+00:00,2025-07-13T15:35:00+00:00,SOLUSDT,V3_TREND_BREAKOUT,LONG,163.01146500000002,161.84143747592782,164.76650628610832,161.84143747592782,1.2269075675137326,-1.6755156234835338,1.4355156234835338,-1.1671873130977128,ok,SL,0
2025-07-13T14:00:00+00:00,2025-07-13T14:20:00+00:00,SOLUSDT,V3_TREND_BREAKOUT,LONG,162.731325,162.03347765621868,163.77809601567196,163.77809601567196,1.229019673993314,1.0465021724268082,0.8576681149512171,1.2201714791348304,ok,TP,0
2025-07-13T14:15:00+00:00,2025-07-13T14:50:00+00:00,BTCUSDT,V3_TREND_BREAKOUT,LONG,119298.51944999999,118335.49075534084,120743.06249198872,118335.49075534084,0.0016764667400907967,-1.8544855763491228,1.6144855763491228,-1.1486541617440262,ok,SL,0
2025-07-13T14:15:00+00:00,2025-07-13T14:45:00+00:00,ETHUSDT,V3_TREND_BREAKOUT,LONG,3020.1093,2982.150012225502,3077.048231661747,2982.150012225502,0.0662227688249561,-2.7537691390505685,2.5137691390505688,-1.0954741611994832,ok,SL,0
2025-07-13T14:15:00+00:00,2025-07-13T14:50:00+00:00,SOLUSDT,V3_TREND_BREAKOUT,LONG,163.80186,162.37822925220308,165.93730612169537,162.37822925220308,1.2209873563096292,-1.9782351431136624,1.7382351431136625,-1.138071077984359,ok,SL,0
2025-07-13T19:00:00+00:00,2025-07-13T21:35:00+00:00,BTCUSDT,V3_TREND_BREAKOUT,LONG,119033.487,118649.17934425417,119609.94848361873,118649.17934425417,0.0016801994551331593,-0.885713513787639,0.645713513787639,-1.3716818602606027,ok,SL,0
2025-07-13T19:15:00+00:00,2025-07-13T21:30:00+00:00,BTCUSDT,V3_TREND_BREAKOUT,LONG,119102.92169999999,118731.55939109315,119659.96516336026,118731.55939109315,0.0016792199313444718,-0.8635989908664724,0.6235989908664724,-1.3848627138836884,ok,SL,0
2025-07-14T01:30:00+00:00,2025-07-14T02:25:00+00:00,SOLUSDT,V3_TREND_BREAKOUT,LONG,162.16104,160.87116564890124,164.09585152664818,164.09585152664818,1.2333418680590602,2.146284062618445,1.5908560417456303,1.3491378266152538,ok,TP,0
2025-07-14T01:45:00+00:00,2025-07-14T02:25:00+00:00,SOLUSDT,V3_TREND_BREAKOUT,LONG,162.431175,161.34465381683688,164.06095677474468,164.06095677474468,1.231290729750616,1.7667351907596378,1.3378234605064137,1.32060413269391,ok,TP,0
2025-07-14T02:00:00+00:00,2025-07-14T02:25:00+00:00,SOLUSDT,V3_TREND_BREAKOUT,LONG,162.78134999999997,161.78146425849138,164.28117861226286,164.28117861226286,1.2286419789490628,1.6027523942551016,1.2285015961700678,1.304640058467799,ok,TP,0
2025-07-14T02:15:00+00:00,2025-07-14T02:30:00+00:00,BTCUSDT,V3_TREND_BREAKOUT,LONG,119197.3689,118732.31844215425,119894.94458676863,119894.94458676863,0.0016778893850231621,0.9304548400793242,0.7803032267195414,1.1924272618877054,ok,TP,0
2025-07-14T02:15:00+00:00,2025-07-14T02:45:00+00:00,ETHUSDT,V3_TREND_BREAKOUT,LONG,2985.33192,2965.925277315419,3014.441884026872,3014.441884026872,0.06699422555331803,1.7101994958652165,1.3001329972434776,1.3154035006350548,ok,TP,0
2025-07-14T02:15:00+00:00,2025-07-14T02:45:00+00:00,SOLUSDT,V3_TREND_BREAKOUT,LONG,163.50170999999997,162.3577882400277,165.21759263995838,165.21759263995838,1.2232287968119724,1.858917057146875,1.3992780380979166,1.3284829794611515,ok,TP,0
2025-07-14T02:30:00+00:00,2025-07-14T03:10:00+00:00,SOLUSDT,V3_TREND_BREAKOUT,LONG,164.04198,162.99723193716858,165.60910209424713,165.60910209424713,1.2192001096304739,1.6706354291104502,1.2737569527402886,1.3115810088544284,ok,TP,0
2025-07-14T02:45:00+00:00,2025-07-14T03:25:00+00:00,SOLUSDT,V3_TREND_BREAKOUT,LONG,164.612265,163.5660010845137,166.18166087322948,166.18166087322948,1.2149762959643378,1.6667787849580558,1.2711858566387153,1.3111999132568797,ok,TP,0
2025-07-14T03:00:00+00:00,2025-07-14T03:35:00+00:00,SOLUSDT,V3_TREND_BREAKOUT,LONG,164.972445,163.79200100704844,166.74311098942732,166.74311098942732,1.2123236701741313,1.906620290955049,1.4310801939700324,1.3322945136049968,ok,TP,0
2025-07-14T03:15:00+00:00,2025-07-14T03:40:00+00:00,SOLUSDT,V3_TREND_BREAKOUT,LONG,165.69280500000002,164.6582866494021,167.2445825258969,167.2445825258969,1.207053015971333,1.6330777427503638,1.2487184951669092,1.3078029588502886,ok,TP,0
2025-07-14T03:30:00+00:00,2025-07-14T03:40:00+00:00,BTCUSDT,V3_TREND_BREAKOUT,LONG,119882.7114,119346.24231950002,120687.41502074998,120687.41502074998,0.0016682972687586377,1.102484852657373,0.894989901771582,1.2318405497928708,ok,TP,0
2025-07-14T03:30:00+00:00,2025-07-14T03:40:00+00:00,ETHUSDT,V3_TREND_BREAKOUT,LONG,3013.616055,2994.1739133253145,3042.779267512028,3042.779267512028,0.06636545477257222,1.6954298609899177,1.2902865739932783,1.3139948094962894,ok,TP,0
2025-07-14T03:30:00+00:00,2025-07-14T03:40:00+00:00,SOLUSDT,V3_TREND_BREAKOUT,LONG,166.253085,165.08412331730196,168.00652752404704,168.00652752404704,1.2029851957333604,1.8693653979979323,1.4062435986652997,1.3293325564448386,ok,TP,0
2025-07-14T05:15:00+00:00,2025-07-14T05:20:00+00:00,BTCUSDT,V3_TREND_BREAKOUT,LONG,121470.705,120843.87506454928,122410.94990317608,122410.94990317608,0.001646487521415143,1.3081015001536003,1.0320676667690667,1.2674571079710981,ok,TP,0
2025-07-14T05:15:00+00:00,2025-07-14T05:50:00+00:00,SOLUSDT,V3_TREND_BREAKOUT,LONG,167.433675,166.03155012099603,169.53686231850594,166.03155012099603,1.1945028382134,-1.9148421474998545,1.6748421474998545,-1.143297086449767,ok,SL,0
2025-07-14T07:30:00+00:00,2025-07-14T10:05:00+00:00,BTCUSDT,V3_TREND_BREAKOUT,LONG,122584.8618,121839.88241505504,123702.33087741744,121839.88241505504,0.0016315228247865104,-1.4554508705331237,1.2154508705331237,-1.197457590280659,ok,SL,0
2025-07-14T09:30:00+00:00,2025-07-14T15:05:00+00:00,ETHUSDT,V3_TREND_BREAKOUT,LONG,3045.82215,3017.137291421612,3088.8494378675814,3017.137291421612,0.06566371578852692,-2.123554401125343,1.8835544011253433,-1.1274186717710994,ok,SL,0
2025-07-14T13:45:00+00:00,2025-07-14T14:30:00+00:00,SOLUSDT,V3_TREND_BREAKOUT,LONG,168.00395999999998,166.19195644480692,170.72196533278958,166.19195644480692,1.1904481299131284,-2.3970962436755165,2.1570962436755168,-1.1112606823657805,ok,SL,0
2025-07-15T06:00:00+00:00,2025-07-15T12:30:00+00:00,ETHUSDT,V3_TREND_BREAKOUT,LONG,2978.50851,2956.795624457274,3011.0778383140896,3011.0778383140896,0.06714770138427437,1.946955531920873,1.4579703546139153,1.3353875994525592,ok,TP,0
2025-07-15T13:00:00+00:00,2025-07-15T13:50:00+00:00,ETHUSDT,V3_TREND_BREAKOUT,LONG,3016.277385,2983.479878619609,3065.4736445705867,3065.4736445705867,0.06630689902546878,3.022051415777651,2.174700943851757,1.3896399982358474,ok,TP,0
2025-07-15T13:15:00+00:00,2025-07-15T13:45:00+00:00,ETHUSDT,V3_TREND_BREAKOUT,LONG,3020.8296600000003,2999.652744432494,3052.59503335126,3052.59503335126,0.06620697705940823,1.863089344750393,1.4020595631669286,1.328823249521657,ok,TP,0
2025-07-15T13:30:00+00:00,2025-07-15T14:50:00+00:00,ETHUSDT,V3_TREND_BREAKOUT,LONG,3035.39694,3003.578262687316,3083.124955969026,3003.578262687316,0.06588924083187618,-2.3365084924071926,2.096508492407193,-1.1144760447521174,ok,SL,0
2025-07-15T13:45:00+00:00,2025-07-15T14:40:00+00:00,ETHUSDT,V3_TREND_BREAKOUT,LONG,3059.178825,3020.9205296382215,3116.5662680426676,3020.9205296382215,0.06537702156067977,-2.7412134007418443,2.501213400741844,-1.0959534280157055,ok,SL,0
2025-07-15T17:15:00+00:00,2025-07-15T23:00:00+00:00,ETHUSDT,V3_TREND_BREAKOUT,LONG,3058.0682699999998,3018.164772401614,3117.9235163975786,3117.9235163975786,0.06540076360034958,3.6745788198887315,2.609719213259154,1.4080360834297285,ok,TP,0
2025-07-15T17:30:00+00:00,2025-07-15T19:45:00+00:00,ETHUSDT,V3_TREND_BREAKOUT,LONG,3070.2343499999997,3040.7422886586414,3114.4724420120374,3040.7422886586414,0.06514160718708656,-2.161160275036223,1.921160275036223,-1.1249245068819023,ok,SL,0
2025-07-15T17:45:00+00:00,2025-07-15T18:30:00+00:00,ETHUSDT,V3_TREND_BREAKOUT,LONG,3094.556505,3060.3949823258818,3145.798789011177,3060.3949823258818,0.06462961644967605,-2.4478461077651748,2.2078461077651745,-1.1087032285248055,ok,SL,0
2025-07-15T22:30:00+00:00,2025-07-15T23:00:00+00:00,ETHUSDT,V3_TREND_BREAKOUT,LONG,3076.4774700000003,3052.772657629241,3112.034688556139,3112.034688556139,0.06500941480972393,2.071553970596031,1.5410359803973537,1.344260612306978,ok,TP,0
2025-07-15T22:45:00+00:00,2025-07-15T23:00:00+00:00,ETHUSDT,V3_TREND_BREAKOUT,LONG,3088.22334,3064.537467798581,3123.7521483021283,3123.7521483021283,0.06476215544695677,2.0609222061075583,1.5339481374050485,1.3435409945436498,ok,TP,0
2025-07-15T23:00:00+00:00,2025-07-16T14:30:00+00:00,ETHUSDT,V3_TREND_BREAKOUT,LONG,3137.6780550000003,3074.3005058129684,3232.7443787805482,3232.7443787805482,0.0637414025576311,5.819660813770003,4.039773875846668,1.4405907341906112,ok,TP,0
2025-07-16T06:30:00+00:00,2025-07-16T08:35:00+00:00,SOLUSDT,V3_TREND_BREAKOUT,LONG,163.271595,162.34427297942688,164.66257803085966,164.66257803085966,1.2249528155831393,1.4638885800799244,1.135925720053283,1.2887185792494051,ok,TP,0
2025-07-16T06:45:00+00:00,2025-07-16T13:10:00+00:00,ETHUSDT,V3_TREND_BREAKOUT,LONG,3158.688555,3137.9578201399713,3189.7846572900435,3189.7846572900435,0.06331741687017953,1.7289248717364154,1.3126165811576103,1.3171590977554608,ok,TP,0
2025-07-16T06:45:00+00:00,2025-07-16T08:40:00+00:00,SOLUSDT,V3_TREND_BREAKOUT,LONG,163.74183,162.86396776661067,165.05862335008396,165.05862335008396,1.2214349870158407,1.3683774684623586,1.072251645641584,1.2761719452932965,ok,TP,0
2025-07-16T07:30:00+00:00,2025-07-16T09:00:00+00:00,SOLUSDT,V3_TREND_BREAKOUT,LONG,164.30211,163.2382825011821,165.89785124822683,165.89785124822683,1.2172698208197084,1.7024476633036907,1.2949651088691272,1.314666821247726,ok,TP,0
2025-07-16T08:30:00+00:00,2025-07-16T09:10:00+00:00,SOLUSDT,V3_TREND_BREAKOUT,LONG,164.672295,163.62485335579606,166.24345746630587,166.24345746630587,1.2145333858376117,1.668229269903451,1.2721528466023122,1.3113434241482749,ok,TP,0
2025-07-16T08:45:00+00:00,2025-07-16T09:10:00+00:00,SOLUSDT,V3_TREND_BREAKOUT,LONG,165.14253,164.1966495446678,166.5613506829983,166.5613506829983,1.2110750634618472,1.4782983487031496,1.1455322324687665,1.2904903998355683,ok,TP,0
2025-07-16T09:00:00+00:00,2025-07-16T14:45:00+00:00,SOLUSDT,V3_TREND_BREAKOUT,LONG,166.02297,164.75831743433437,167.9199488484984,167.9199488484984,1.2046525851212035,2.045200473763849,1.5234669825092442,1.3424645871847367,ok,TP,0
2025-07-16T09:15:00+00:00,2025-07-16T15:35:00+00:00,SOLUSDT,V3_TREND_BREAKOUT,LONG,167.053485,165.8634376175962,168.8385560736057,165.8634376175962,1.1972213569803707,-1.6647501420324209,1.424750142032421,-1.168450588576631,ok,SL,0
2025-07-16T12:30:00+00:00,2025-07-16T14:30:00+00:00,ETHUSDT,V3_TREND_BREAKOUT,LONG,3168.62352,3141.7583416717666,3208.9212874923505,3208.9212874923505,0.06311889018610832,2.3035503610949926,1.6957002407299855,1.3584655505523384,ok,TP,0
2025-07-16T13:45:00+00:00,2025-07-16T14:30:00+00:00,ETHUSDT,V3_TREND_BREAKOUT,LONG,3184.89165,3156.0693178146294,3228.1251482780563,3228.1251482780563,0.06279648477209578,2.474911716262387,1.8099411441749151,1.367399003126484,ok,TP,0
2025-07-16T14:30:00+00:00,2025-07-16T18:05:00+00:00,ETHUSDT,V3_TREND_BREAKOUT,LONG,3240.17928,3175.7192351453136,3336.869347282029,3336.869347282029,0.06172497961285649,5.7281924317489805,3.9787949544993206,1.4396802291285198,ok,TP,0
2025-07-16T14:30:00+00:00,2025-07-16T15:20:00+00:00,SOLUSDT,V3_TREND_BREAKOUT,LONG,167.78385,166.3026202001153,170.00569469982702,166.3026202001153,1.1920098388492097,-2.0056404950591933,1.7656404950591933,-1.1359280106406677,ok,SL,0
2025-07-16T14:45:00+00:00,2025-07-16T15:35:00+00:00,ETHUSDT,V3_TREND_BREAKOUT,LONG,3267.4329000000002,3214.340004063505,3347.072243904743,3214.340004063505,0.06121013227234138,-3.489823182994521,3.249823182994521,-1.073850171681911,ok,SL,0
2025-07-16T15:45:00+00:00,2025-07-16T16:10:00+00:00,SOLUSDT,V3_TREND_BREAKOUT,LONG,167.333625,165.3378244406375,170.3273258390438,170.3273258390438,1.1952170402093423,3.3381222561141346,2.385414837409423,1.399388569134314,ok,TP,0
2025-07-16T16:00:00+00:00,2025-07-16T16:20:00+00:00,SOLUSDT,V3_TREND_BREAKOUT,LONG,169.12452,167.22512269487768,171.97361595768345,171.97361595768345,1.182560636387911,3.1292287288483775,2.2461524858989184,1.393150620224276,ok,TP,0
2025-07-16T16:15:00+00:00,2025-07-16T21:10:00+00:00,SOLUSDT,V3_TREND_BREAKOUT,LONG,171.47569499999997,168.8197567881007,175.45960231784886,175.45960231784886,1.166346052716101,4.40661457455984,3.097743049706571,1.4225242390511537,ok,TP,0
2025-07-16T16:30:00+00:00,2025-07-16T17:50:00+00:00,ETHUSDT,V3_TREND_BREAKOUT,LONG,3260.56947,3231.1033472865956,3304.768654070106,3304.768654070106,0.06133897831043606,2.4711327930152143,1.807421862010152,1.3672141766985744,ok,TP,0
2025-07-16T17:45:00+00:00,2025-07-16T18:05:00+00:00,ETHUSDT,V3_TREND_BREAKOUT,LONG,3296.86761,3261.223695268493,3350.33348209726,3350.33348209726,0.06066364308756699,3.0034345822737007,2.1622897215158003,1.389006548191999,ok,TP,0
2025-07-16T17:45:00+00:00,2025-07-17T01:30:00+00:00,SOLUSDT,V3_TREND_BREAKOUT,LONG,174.52722,171.40810887983213,179.2058866802518,171.40810887983213,1.1459530496159853,-3.8143549002475057,3.5743549002475055,-1.06714498327611,ok,SL,0
2025-07-16T18:00:00+00:00,2025-07-16T20:05:00+00:00,ETHUSDT,V3_TREND_BREAKOUT,LONG,3337.357845,3289.0391456064576,3409.8358940903136,3409.8358940903136,0.059927646146678046,4.103438879285871,2.8956259195239147,1.4171163656252046,ok,TP,0
2025-07-16T19:45:00+00:00,2025-07-17T01:45:00+00:00,ETHUSDT,V3_TREND_BREAKOUT,LONG,3367.1127149999998,3329.7145641621237,3423.209941256814,3329.7145641621237,0.05939807096716096,-2.4613780175087534,2.221378017508753,-1.1080410439413446,ok,SL,0
2025-07-16T20:00:00+00:00,2025-07-16T21:35:00+00:00,ETHUSDT,V3_TREND_BREAKOUT,LONG,3395.2267650000003,3348.190666721972,3465.780912417043,3348.190666721972,0.058906227431321505,-3.010719102647535,2.770719102647535,-1.0866201123638517,ok,SL,0
2025-07-16T20:15:00+00:00,2025-07-16T21:35:00+00:00,ETHUSDT,V3_TREND_BREAKOUT,LONG,3418.938615,3361.396333384688,3505.252037422968,3361.396333384688,0.05849768671555982,-3.6060903628310284,3.3660903628310286,-1.071299333686975,ok,SL,0
2025-07-16T20:30:00+00:00,2025-07-16T22:35:00+00:00,BTCUSDT,V3_TREND_BREAKOUT,LONG,119779.75994999999,119055.7220054061,120865.81686689082,119055.7220054061,0.001669731180655952,-1.4489487320664627,1.2089487320664627,-1.1985195845234617,ok,SL,0
2025-07-16T21:00:00+00:00,2025-07-16T23:00:00+00:00,SOLUSDT,V3_TREND_BREAKOUT,LONG,174.697305,173.247724640963,176.87167553855548,173.247724640963,1.1448373516695063,-1.899533739272035,1.659533739272035,-1.1446189338128656,ok,SL,0
2025-07-17T05:30:00+00:00,2025-07-17T07:20:00+00:00,BTCUSDT,V3_TREND_BREAKOUT,LONG,118320.53069999999,117910.7221322968,118935.24355155477,117910.7221322968,0.0016903237233367144,-0.9327091440153459,0.6927091440153459,-1.346465759941929,ok,SL,0
2025-07-17T05:30:00+00:00,2025-07-17T06:20:00+00:00,ETHUSDT,V3_TREND_BREAKOUT,LONG,3354.0461849999997,3330.3611940036276,3389.573671494558,3389.573671494558,0.059629471083147895,1.8784852285841833,1.4123234857227889,1.3300672597842027,ok,TP,0
2025-07-17T05:45:00+00:00,2025-07-17T06:20:00+00:00,ETHUSDT,V3_TREND_BREAKOUT,LONG,3374.1962550000003,3342.4575372890827,3421.8043315663767,3421.8043315663767,0.05927337501594138,2.5818913761064817,1.881260917404321,1.3724259895160416,ok,TP,0
2025-07-17T06:15:00+00:00,2025-07-17T06:20:00+00:00,ETHUSDT,V3_TREND_BREAKOUT,LONG,3372.535425,3341.4723663359946,3419.130012996008,3419.130012996008,0.05930256462761989,2.5231785659305954,1.8421190439537305,1.3697152603748726,ok,TP,0
2025-07-17T06:15:00+00:00,2025-07-17T06:45:00+00:00,SOLUSDT,V3_TREND_BREAKOUT,LONG,171.615765,170.23617255252697,173.68515367120958,173.68515367120958,1.1653941000117325,2.171653348058747,1.6077688987058316,1.350724814870354,ok,TP,0
2025-07-17T06:30:00+00:00,2025-07-17T09:05:00+00:00,SOLUSDT,V3_TREND_BREAKOUT,LONG,173.056485,171.49716022734648,175.39547215898028,175.39547215898028,1.1556920273747615,2.4631488117654463,1.8020992078436417,1.3668219824106156,ok,TP,0
2025-07-17T06:45:00+00:00,2025-07-17T07:05:00+00:00,SOLUSDT,V3_TREND_BREAKOUT,LONG,174.016965,172.1923630682503,176.75386789762456,172.1923630682503,1.1493132293164634,-2.3370391383963023,2.097039138396302,-1.1144470771220507,ok,SL,0
2025-07-17T07:30:00+00:00,2025-07-17T13:40:00+00:00,ETHUSDT,V3_TREND_BREAKOUT,LONG,3438.528405,3397.6084509132925,3499.9083361300613,3397.6084509132925,0.05816441699570604,-2.6200852729444035,2.3800852729444033,-1.100836723258699,ok,SL,0
2025-07-17T09:00:00+00:00,2025-07-17T09:55:00+00:00,SOLUSDT,V3_TREND_BREAKOUT,LONG,174.6873,172.3515984732063,178.19085229019052,178.19085229019052,1.1449029208190864,3.771227250281533,2.6741515001876888,1.4102519060781875,ok,TP,0
2025-07-17T09:15:00+00:00,2025-07-17T11:00:00+00:00,BTCUSDT,V3_TREND_BREAKOUT,LONG,118665.303,118156.78659319057,119428.07761021415,118156.78659319057,0.0016854126264692552,-1.0970599728033912,0.8570599728033912,-1.2800270781693077,ok,SL,0
2025-07-17T09:15:00+00:00,2025-07-17T12:05:00+00:00,ETHUSDT,V3_TREND_BREAKOUT,LONG,3453.415845,3424.8972286487733,3496.19376952684,3424.8972286487733,0.05791367416396388,-1.8916178549720346,1.6516178549720346,-1.1453120643358894,ok,SL,0
2025-07-17T09:15:00+00:00,2025-07-17T09:35:00+00:00,SOLUSDT,V3_TREND_BREAKOUT,LONG,174.817365,173.51505572512013,176.77082891231979,176.77082891231979,1.1440511072798747,1.9948625519207324,1.489908367947155,1.338916268165753,ok,TP,0
2025-07-17T09:30:00+00:00,2025-07-17T09:55:00+00:00,SOLUSDT,V3_TREND_BREAKOUT,LONG,175.81786499999998,174.3575517447544,178.00833488286835,178.00833488286835,1.1375408295397058,2.251748927639828,1.6611659517598858,1.3555231644702699,ok,TP,0
2025-07-17T14:15:00+00:00,2025-07-17T17:55:00+00:00,BTCUSDT,V3_TREND_BREAKOUT,LONG,118456.89885,117936.85166562021,119236.96962656968,119236.96962656968,0.0016883778145606924,1.077054192947389,0.8780361286315843,1.2266627281339475,ok,TP,0
2025-07-17T15:30:00+00:00,2025-07-17T18:20:00+00:00,BTCUSDT,V3_TREND_BREAKOUT,LONG,118713.327,118165.68597493441,119534.78853759839,119534.78853759839,0.0016847308137526967,1.1439415647046685,0.9226277098031123,1.2398734099898043,ok,TP,0
2025-07-17T17:45:00+00:00,2025-07-17T21:15:00+00:00,BTCUSDT,V3_TREND_BREAKOUT,LONG,119171.35590000001,118255.40434169713,120545.28323745434,120545.28323745434,0.0016782556386102172,2.0658013011234457,1.5372008674156306,1.3438720631198364,ok,TP,0
2025-07-17T18:15:00+00:00,2025-07-17T19:55:00+00:00,BTCUSDT,V3_TREND_BREAKOUT,LONG,119505.5229,118874.49353952457,120452.06694071314,118874.49353952457,0.0016735628207522784,-1.2960672764947603,1.0560672764947603,-1.2272582489219765,ok,SL,0
2025-07-17T19:00:00+00:00,2025-07-17T19:45:00+00:00,BTCUSDT,V3_TREND_BREAKOUT,LONG,119876.40825,119283.61403292109,120765.59957561834,119283.61403292109,0.0016683849885033573,-1.229008973046042,0.9890089730460421,-1.2426671613108076,ok,SL,0
2025-07-17T19:00:00+00:00,2025-07-17T19:55:00+00:00,SOLUSDT,V3_TREND_BREAKOUT,LONG,175.117515,173.67219808462448,177.28549037306328,173.67219808462448,1.1420902129635633,-1.8906823036810612,1.6506823036810612,-1.1453944223335977,ok,SL,0
2025-07-17T21:00:00+00:00,2025-07-18T00:10:00+00:00,BTCUSDT,V3_TREND_BREAKOUT,LONG,119906.3232,119058.75085167045,121177.68172249431,119058.75085167045,0.001667968749791504,-1.6537241902010789,1.4137241902010789,-1.1697643724734341,ok,SL,0
2025-07-17T21:00:00+00:00,2025-07-17T23:15:00+00:00,ETHUSDT,V3_TREND_BREAKOUT,LONG,3439.95912,3389.4283099158806,3515.755335126179,3515.755335126179,0.05814022580593923,4.166809062671597,2.937872708447731,1.4183082373481022,ok,TP,0
2025-07-17T21:00:00+00:00,2025-07-18T00:30:00+00:00,SOLUSDT,V3_TREND_BREAKOUT,LONG,174.54723,172.20102403598224,178.06653894602667,178.06653894602667,1.1458216781784505,3.7925004825646953,2.6883336550431305,1.410725367162005,ok,TP,0
2025-07-17T21:15:00+00:00,2025-07-17T22:50:00+00:00,BTCUSDT,V3_TREND_BREAKOUT,LONG,120628.18394999999,119707.44721940828,122009.28904588756,119707.44721940828,0.0016579873247772625,-1.7665698287779192,1.5265698287779192,-1.1572152124820452,ok,SL,0
2025-07-17T21:15:00+00:00,2025-07-17T21:35:00+00:00,SOLUSDT,V3_TREND_BREAKOUT,LONG,176.198055,174.0923794619835,179.35656830702476,174.0923794619835,1.1350863095509198,-2.630123475558795,2.390123475558795,-1.1004132223519916,ok,SL,0
2025-07-17T23:15:00+00:00,2025-07-18T01:30:00+00:00,ETHUSDT,V3_TREND_BREAKOUT,LONG,3512.13519,3458.48860704494,3592.6050644325896,3592.6050644325896,0.05694541615865305,4.342390487798374,3.0549269918655826,1.421438384406877,ok,TP,0
2025-07-18T00:30:00+00:00,2025-07-18T04:20:00+00:00,SOLUSDT,V3_TREND_BREAKOUT,LONG,178.089,175.89967857929122,181.37298213106317,181.37298213106317,1.1230339886236658,3.4480235512167168,2.4586823674778113,1.402386740485637,ok,TP,0
2025-07-18T00:45:00+00:00,2025-07-18T01:30:00+00:00,ETHUSDT,V3_TREND_BREAKOUT,LONG,3530.134185,3485.92257056238,3596.45160665643,3596.45160665643,0.05665507018113534,3.5172181781770018,2.5048121187846593,1.4041844303610143,ok,TP,0
2025-07-18T00:45:00+00:00,2025-07-18T04:20:00+00:00,SOLUSDT,V3_TREND_BREAKOUT,LONG,179.299605,177.5232729664847,181.96410305027297,181.96410305027297,1.1154514255622592,2.732118148584827,1.981412099056551,1.3788742634032187,ok,TP,0
2025-07-18T01:00:00+00:00,2025-07-18T01:40:00+00:00,ETHUSDT,V3_TREND_BREAKOUT,LONG,3538.40832,3496.4502440936385,3601.345433859542,3601.345433859542,0.056522589230176806,3.3173686340157618,2.3715790893438493,1.3988016039277806,ok,TP,0
2025-07-18T01:00:00+00:00,2025-07-18T04:20:00+00:00,SOLUSDT,V3_TREND_BREAKOUT,LONG,179.22957,177.4816106117358,181.85150908239632,181.85150908239632,1.1158872947137015,2.6857885095593588,1.950525673039562,1.37695624655584,ok,TP,0
2025-07-18T01:30:00+00:00,2025-07-18T05:55:00+00:00,ETHUSDT,V3_TREND_BREAKOUT,LONG,3591.795,3537.2800063868617,3673.5674904197076,3673.5674904197076,0.05568246517409819,4.3132938499946425,3.0355292333297617,1.4209363568748317,ok,TP,0
2025-07-18T04:15:00+00:00,2025-07-18T05:10:00+00:00,SOLUSDT,V3_TREND_BREAKOUT,LONG,181.14052500000003,178.90671002600402,184.49124746099403,184.49124746099403,1.1041151614195663,3.4595834708925643,2.4663889805950427,1.4026917481839798,ok,TP,0
2025-07-18T05:00:00+00:00,2025-07-18T08:40:00+00:00,ETHUSDT,V3_TREND_BREAKOUT,LONG,3628.5133499999997,3590.950029849337,3684.8583302259935,3590.950029849337,0.05511899246560579,-2.310452360367507,2.070452360367507,-1.1159166975266217,ok,SL,0
2025-07-18T05:00:00+00:00,2025-07-18T05:10:00+00:00,SOLUSDT,V3_TREND_BREAKOUT,LONG,181.71081,179.91399487140336,184.406032692895,184.406032692895,1.100649983344414,2.7264968120443545,1.9776645413628924,1.3786447372745076,ok,TP,0
2025-07-18T05:30:00+00:00,2025-07-18T07:55:00+00:00,ETHUSDT,V3_TREND_BREAKOUT,LONG,3642.070125,3609.43859716601,3691.017416750986,3609.43859716601,0.054913824593094566,-2.031921995680425,1.791921995680425,-1.1339344014854102,ok,SL,0
2025-07-18T05:45:00+00:00,2025-07-18T07:50:00+00:00,ETHUSDT,V3_TREND_BREAKOUT,LONG,3653.115645,3621.0929830827235,3701.1496378759143,3621.0929830827235,0.05474778776131518,-1.9931698981993935,1.7531698981993935,-1.1368948897916247,ok,SL,0
2025-07-18T12:30:00+00:00,2025-07-18T13:10:00+00:00,BTCUSDT,V3_TREND_BREAKOUT,LONG,119392.0662,118954.85218814418,120047.88721778372,118954.85218814418,0.001675153185346247,-0.9724004446382826,0.7324004446382826,-1.3276895880620758,ok,SL,0
2025-07-18T12:45:00+00:00,2025-07-18T14:05:00+00:00,ETHUSDT,V3_TREND_BREAKOUT,LONG,3619.999095,3587.895886258795,3668.1539081118076,3668.1539081118076,0.05524863259668853,2.4204875773764503,1.7736583849176337,1.3646864570760364,ok,TP,0
2025-07-18T13:30:00+00:00,2025-07-18T14:15:00+00:00,SOLUSDT,V3_TREND_BREAKOUT,LONG,181.41066,178.92529281004738,185.13871078492895,178.92529281004738,1.1024710455273135,-2.9800453644263527,2.740045364426353,-1.0875897907078065,ok,SL,0
2025-07-18T14:00:00+00:00,2025-07-18T14:20:00+00:00,ETHUSDT,V3_TREND_BREAKOUT,LONG,3640.31925,3607.112270941213,3690.1297185881804,3607.112270941213,0.054940236354270304,-2.064399278101065,1.8243992781010652,-1.1315501507158046,ok,SL,0
2025-07-19T02:30:00+00:00,2025-07-19T14:55:00+00:00,ETHUSDT,V3_TREND_BREAKOUT,LONG,3563.770995,3529.6218746253885,3614.9946755619167,3529.6218746253885,0.05612032879795072,-2.1564598635839873,1.9164598635839876,-1.1252309033757555,ok,SL,0
2025-07-19T03:00:00+00:00,2025-07-19T11:15:00+00:00,ETHUSDT,V3_TREND_BREAKOUT,LONG,3574.1862,3546.317279651483,3615.989580522775,3546.317279651483,0.05595679374510483,-1.7994554278407149,1.559455427840715,-1.1538998779415668,ok,SL,0
2025-07-19T03:30:00+00:00,2025-07-19T07:35:00+00:00,ETHUSDT,V3_TREND_BREAKOUT,LONG,3596.7975,3567.530358475003,3640.6982122874956,3567.530358475003,0.05560502085535813,-1.8674000148741754,1.6274000148741754,-1.1474744978532865,ok,SL,0
2025-07-19T04:00:00+00:00,2025-07-19T06:20:00+00:00,ETHUSDT,V3_TREND_BREAKOUT,LONG,3598.63842,3572.5586254197733,3637.7581118703406,3572.5586254197733,0.05557657554270206,-1.689425673626133,1.449425673626133,-1.1655828266099182,ok,SL,0
2025-07-19T10:30:00+00:00,2025-07-19T11:15:00+00:00,SOLUSDT,V3_TREND_BREAKOUT,LONG,177.14853,176.35493640388398,178.338920394174,176.35493640388398,1.1289961028748023,-1.1359640772813764,0.8959640772813765,-1.267867882301969,ok,SL,0
2025-07-19T19:30:00+00:00,2025-07-19T20:05:00+00:00,ETHUSDT,V3_TREND_BREAKOUT,LONG,3565.22172,3546.6963662003564,3593.0097506994653,3593.0097506994653,0.05609749286504403,1.3188388538968765,1.039225902597926,1.2690588741100037,ok,TP,0
2025-07-19T23:30:00+00:00,2025-07-20T03:25:00+00:00,ETHUSDT,V3_TREND_BREAKOUT,LONG,3592.63542,3566.9293934516677,3631.1944598224986,3631.1944598224986,0.05566943945567402,1.9065601328675073,1.431040088578338,1.3322898136009405,ok,TP,0
2025-07-20T01:00:00+00:00,2025-07-20T03:25:00+00:00,ETHUSDT,V3_TREND_BREAKOUT,LONG,3598.17819,3574.9606513106582,3633.0044980340126,3633.0044980340126,0.05558368414211304,1.695774505598486,1.2905163370656658,1.3140279257946343,ok,TP,0
2025-07-20T01:00:00+00:00,2025-07-20T09:00:00+00:00,SOLUSDT,V3_TREND_BREAKOUT,LONG,178.46919,176.7420075792297,181.05996363115545,181.05996363115545,1.1206416076634853,2.6633287271102173,1.9355524847401446,1.376004395699856,ok,TP,0
2025-07-20T03:15:00+00:00,2025-07-20T03:30:00+00:00,ETHUSDT,V3_TREND_BREAKOUT,LONG,3612.4953450000003,3591.1188856351832,3644.5600340472256,3644.5600340472256,0.05536339313954188,1.5352099856186985,1.1834733237458075,1.2972070893491798,ok,TP,0
2025-07-20T03:30:00+00:00,2025-07-20T08:40:00+00:00,ETHUSDT,V3_TREND_BREAKOUT,LONG,3656.037105,3617.876108089813,3713.27860036528,3713.27860036528,0.054704039990863276,2.891341051599098,2.087560701066074,1.3850332831627603,ok,TP,0
2025-07-20T07:30:00+00:00,2025-07-20T08:40:00+00:00,ETHUSDT,V3_TREND_BREAKOUT,LONG,3672.725445,3647.8289894583354,3710.070128312497,3710.070128312497,0.05445547264423954,1.793622380531479,1.3557482536876446,1.322975984407735,ok,TP,0
2025-07-20T08:15:00+00:00,2025-07-20T08:55:00+00:00,SOLUSDT,V3_TREND_BREAKOUT,LONG,178.78934999999998,177.71329572928207,180.40343140607686,180.40343140607686,1.1186348627588836,1.5655677321684738,1.2037118214456493,1.300616729250227,ok,TP,0
2025-07-20T08:30:00+00:00,2025-07-20T09:00:00+00:00,ETHUSDT,V3_TREND_BREAKOUT,LONG,3687.272715,3663.724000882953,3722.5957861755705,3722.5957861755705,0.05424063134424273,1.675945681580565,1.2772971210537098,1.312103232643309,ok,TP,0
2025-07-20T08:30:00+00:00,2025-07-20T09:00:00+00:00,SOLUSDT,V3_TREND_BREAKOUT,LONG,179.299605,178.06591746290482,181.1501363056428,181.1501363056428,1.1154514255622592,1.8241777829268384,1.3761185219512255,1.3255964176256423,ok,TP,0
2025-07-20T08:45:00+00:00,2025-07-20T12:50:00+00:00,SOLUSDT,V3_TREND_BREAKOUT,LONG,180.00995999999998,178.80263764412587,181.82094353381115,181.82094353381115,1.1110496330314168,1.7720925906668363,1.3413950604445577,1.321081792324134,ok,TP,0
2025-07-20T11:45:00+00:00,2025-07-20T22:15:00+00:00,ETHUSDT,V3_TREND_BREAKOUT,LONG,3764.02107,3710.6871707523865,3844.02191887142,3710.6871707523865,0.05313466536997892,-3.073878889398104,2.833878889398104,-1.084689575442998,ok,SL,0
2025-07-20T12:45:00+00:00,2025-07-20T13:50:00+00:00,SOLUSDT,V3_TREND_BREAKOUT,LONG,181.040475,179.7815209812922,182.92890602806165,182.92890602806165,1.1047253383532054,1.8461976064321093,1.3907984042880832,1.3274372480871044,ok,TP,0
2025-07-20T13:00:00+00:00,2025-07-20T14:50:00+00:00,SOLUSDT,V3_TREND_BREAKOUT,LONG,181.83087,180.74641233977133,183.45755649034302,180.74641233977133,1.099923241856567,-1.4328201852949163,1.1928201852949163,-1.2012038385657111,ok,SL,0
2025-07-20T13:45:00+00:00,2025-07-20T14:45:00+00:00,SOLUSDT,V3_TREND_BREAKOUT,LONG,182.681295,181.39999923851224,184.60323864223164,181.39999923851224,1.0948028368202667,-1.6427662344825933,1.4027662344825933,-1.1710905167948553,ok,SL,0
2025-07-20T15:45:00+00:00,2025-07-20T17:40:00+00:00,ETHUSDT,V3_TREND_BREAKOUT,LONG,3782.9805450000003,3748.317323963429,3834.9753765548576,3748.317323963429,0.05286836599367179,-2.0725878562810047,1.8325878562810045,-1.1309623433209082,ok,SL,0
2025-07-20T16:30:00+00:00,2025-07-20T17:15:00+00:00,ETHUSDT,V3_TREND_BREAKOUT,LONG,3802.7604300000003,3764.812117619407,3859.68289857089,3764.812117619407,0.052593373598346815,-2.2358297704593,1.9958297704593002,-1.120250736587003,ok,SL,0
2025-07-21T02:15:00+00:00,2025-07-21T02:50:00+00:00,SOLUSDT,V3_TREND_BREAKOUT,LONG,180.87039000000001,179.27017912772592,183.27070630841115,183.27070630841115,1.1057641883782081,2.4141838146212153,1.7694558764141435,1.3643650835270518,ok,TP,0
2025-07-21T02:30:00+00:00,2025-07-21T02:55:00+00:00,SOLUSDT,V3_TREND_BREAKOUT,LONG,181.940925,180.3773091900312,184.28634871495316,184.28634871495316,1.0992579047292412,2.338225558601696,1.718817039067797,1.3603690826045314,ok,TP,0
2025-07-21T02:45:00+00:00,2025-07-21T03:00:00+00:00,SOLUSDT,V3_TREND_BREAKOUT,LONG,182.67129,180.7510728193147,185.55161577102797,185.55161577102797,1.0948627997316929,2.9135615378070296,2.10237435853802,1.3858433565719024,ok,TP,0
2025-07-21T03:00:00+00:00,2025-07-21T08:20:00+00:00,SOLUSDT,V3_TREND_BREAKOUT,LONG,186.082995,182.52099618936367,191.42599321595452,191.42599321595452,1.0747892358460804,5.502596969652718,3.8283979797684786,1.4373105927679666,ok,TP,0
2025-07-21T03:45:00+00:00,2025-07-21T07:45:00+00:00,SOLUSDT,V3_TREND_BREAKOUT,LONG,186.843375,184.4571168469504,190.4227622295744,190.4227622295744,1.0704152609103748,3.5914307152441385,2.5542871434960923,1.4060403210300356,ok,TP,0
2025-07-21T04:15:00+00:00,2025-07-21T06:20:00+00:00,ETHUSDT,V3_TREND_BREAKOUT,LONG,3763.54083,3734.3122482905046,3807.383702564243,3807.383702564243,0.05314144552538307,2.089873624049029,1.5532490826993526,1.3454851815634685,ok,TP,0
2025-07-21T05:45:00+00:00,2025-07-21T06:20:00+00:00,ETHUSDT,V3_TREND_BREAKOUT,LONG,3771.614865,3749.705709277284,3804.4785985840745,3804.4785985840745,0.05302768367363511,1.5026876688309188,1.1617917792206045,1.2934225355244005,ok,TP,0
2025-07-21T05:45:00+00:00,2025-07-21T06:20:00+00:00,SOLUSDT,V3_TREND_BREAKOUT,LONG,187.07349,185.48523802794355,189.45586795808464,189.45586795808464,1.0690985665579875,2.306996859987641,1.6979979066584372,1.358657069564755,ok,TP,0
2025-07-21T06:00:00+00:00,2025-07-21T06:25:00+00:00,ETHUSDT,V3_TREND_BREAKOUT,LONG,3781.6798949999998,3760.081015757478,3814.0782138637824,3814.0782138637824,0.052886549246125444,1.4734352860811137,1.1422901907207506,1.2898957708385999,ok,TP,0
2025-07-21T06:15:00+00:00,2025-07-21T07:20:00+00:00,BTCUSDT,V3_TREND_BREAKOUT,LONG,118669.40505,118106.35240904972,119513.98401142542,119513.98401142542,0.00168535436674459,1.1834148406989375,0.948943227132625,1.2470870826222173,ok,TP,0
2025-07-21T06:15:00+00:00,2025-07-21T08:50:00+00:00,ETHUSDT,V3_TREND_BREAKOUT,LONG,3796.0170599999997,3766.892371774801,3839.704092337797,3766.892371774801,0.05268680220314922,-1.7744866877494223,1.5344866877494223,-1.1564040939006122,ok,SL,0
2025-07-21T06:15:00+00:00,2025-07-21T08:30:00+00:00,SOLUSDT,V3_TREND_BREAKOUT,LONG,189.084495,187.32227156491052,191.72783015263423,191.72783015263423,1.0577281865443278,2.5559300974246693,1.8639533982831131,1.371241416109939,ok,TP,0
2025-07-21T06:30:00+00:00,2025-07-21T09:40:00+00:00,BTCUSDT,V3_TREND_BREAKOUT,LONG,119333.53695,118593.89152268904,120443.00509096643,118593.89152268904,0.0016759747939407742,-1.479627092626715,1.239627092626715,-1.1936066107521501,ok,SL,0
2025-07-21T07:00:00+00:00,2025-07-21T09:15:00+00:00,BTCUSDT,V3_TREND_BREAKOUT,LONG,119440.8906,118908.36820068596,120239.67419897106,118908.36820068596,0.0016744684253049266,-1.13169194341898,0.8916919434189801,-1.2691512486697785,ok,SL,0
2025-07-21T07:15:00+00:00,2025-07-21T08:35:00+00:00,BTCUSDT,V3_TREND_BREAKOUT,LONG,119539.03965,119075.58475777981,120234.2219883303,119075.58475777981,0.001673093581691661,-1.015403405577207,0.7754034055772069,-1.3095163088964579,ok,SL,0
2025-07-21T07:30:00+00:00,2025-07-21T08:35:00+00:00,SOLUSDT,V3_TREND_BREAKOUT,LONG,189.784845,188.24429695616095,192.09566706575856,192.09566706575856,1.0538249247457034,2.1952018895487377,1.6234679263658154,1.3521683144444787,ok,TP,0
2025-07-21T08:15:00+00:00,2025-07-21T14:30:00+00:00,SOLUSDT,V3_TREND_BREAKOUT,LONG,191.01546,188.9615708501041,194.09629372484383,194.09629372484383,1.0470356692594411,2.9857428009689286,2.1504952006459526,1.3883977978988697,ok,TP,0
2025-07-21T11:15:00+00:00,2025-07-21T14:30:00+00:00,SOLUSDT,V3_TREND_BREAKOUT,LONG,191.885895,190.06077732343644,194.62357151484537,194.62357151484537,1.0422860940352077,2.6134421613900924,1.9022947742600516,1.373836587658535,ok,TP,0
2025-07-21T13:45:00+00:00,2025-07-21T15:55:00+00:00,BTCUSDT,V3_TREND_BREAKOUT,LONG,119038.98975,118348.18012510885,120075.20418733671,118348.18012510885,0.0016801217854757542,-1.4006443003959483,1.1606443003959483,-1.2067816986807458,ok,SL,0
2025-07-21T14:30:00+00:00,2025-07-21T15:55:00+00:00,ETHUSDT,V3_TREND_BREAKOUT,LONG,3852.9755250000003,3811.1329581519694,3915.7393752720463,3811.1329581519694,0.051907934193275204,-2.411961206425304,2.1719612064253044,-1.1104992111691538,ok,SL,0
2025-07-21T14:30:00+00:00,2025-07-21T15:05:00+00:00,SOLUSDT,V3_TREND_BREAKOUT,LONG,194.327115,191.95570811962875,197.88422532055685,197.88422532055685,1.0291924521186866,3.4209510932706015,2.4406340621804006,1.4016648977743147,ok,TP,0
2025-07-21T14:45:00+00:00,2025-07-21T15:05:00+00:00,SOLUSDT,V3_TREND_BREAKOUT,LONG,195.027465,193.01387182536956,198.04785476194567,198.04785476194567,1.0254965883907685,2.857399396485685,2.064932930990457,1.3837734647948672,ok,TP,0
2025-07-21T15:00:00+00:00,2025-07-21T16:15:00+00:00,SOLUSDT,V3_TREND_BREAKOUT,LONG,197.35863,193.952166694986,202.46832495752102,193.952166694986,1.0133836052672234,-3.692054065245589,3.452054065245589,-1.069523824211289,ok,SL,0
2025-07-21T22:30:00+00:00,2025-07-22T00:55:00+00:00,ETHUSDT,V3_TREND_BREAKOUT,LONG,3775.8769949999996,3742.912145412069,3825.3242693818956,3742.912145412069,0.05296782714713407,-1.986076454904778,1.746076454904778,-1.137451025884825,ok,SL,0
2025-07-21T22:30:00+00:00,2025-07-22T01:05:00+00:00,SOLUSDT,V3_TREND_BREAKOUT,LONG,196.808355,194.95290944230754,199.5915233365387,194.95290944230754,1.0162170198516216,-2.125535355135164,1.8855353551351641,-1.1272848050005382,ok,SL,0
2025-07-22T00:15:00+00:00,2025-07-22T01:00:00+00:00,SOLUSDT,V3_TREND_BREAKOUT,LONG,197.73881999999998,195.95946050526976,200.4078592420953,195.95946050526976,1.011435185058756,-2.03970679983851,1.79970679983851,-1.1333550554020997,ok,SL,0
2025-07-22T01:15:00+00:00,2025-07-22T01:40:00+00:00,SOLUSDT,V3_TREND_BREAKOUT,LONG,196.04797499999998,191.88233942864977,202.2964283570253,202.2964283570253,1.0201584586629882,6.134412545730516,4.249608363820344,1.443524207537976,ok,TP,0
2025-07-22T01:30:00+00:00,2025-07-22T04:45:00+00:00,SOLUSDT,V3_TREND_BREAKOUT,LONG,200.350125,196.79288661231766,205.6859825815235,196.79288661231766,0.9982524343321473,-3.791021880003651,3.551021880003651,-1.0675861788831764,ok,SL,0
2025-07-22T01:45:00+00:00,2025-07-22T02:55:00+00:00,ETHUSDT,V3_TREND_BREAKOUT,LONG,3776.4873,3738.3176587174366,3833.7417619238445,3738.3176587174366,0.05295926720050138,-2.261436231630549,2.021436231630549,-1.1187274652767103,ok,SL,0
2025-07-22T02:00:00+00:00,2025-07-22T03:35:00+00:00,SOLUSDT,V3_TREND_BREAKOUT,LONG,203.111505,199.67223386470246,208.2704117029463,199.67223386470246,0.9846808037782006,-3.6265842659159375,3.3865842659159373,-1.0708678660133943,ok,SL,0
2025-07-22T11:45:00+00:00,2025-07-22T13:30:00+00:00,ETHUSDT,V3_TREND_BREAKOUT,LONG,3721.2597,3678.0559595724244,3786.065310641364,3678.0559595724244,0.053745241161212154,-2.5619954483464653,2.3219954483464655,-1.1033593757347406,ok,SL,0
2025-07-22T11:45:00+00:00,2025-07-22T14:00:00+00:00,SOLUSDT,V3_TREND_BREAKOUT,LONG,200.270085,196.97351865036381,205.21493452445426,196.97351865036381,0.9986513961883025,-3.532120587691547,3.2921205876915467,-1.0729013393061309,ok,SL,0
2025-07-22T12:30:00+00:00,2025-07-22T12:55:00+00:00,SOLUSDT,V3_TREND_BREAKOUT,LONG,200.03997,197.75744915264187,203.4637512710372,203.4637512710372,0.999800189932042,3.1830971650687605,2.2820647767125166,1.3948320825731546,ok,TP,0
2025-07-22T12:45:00+00:00,2025-07-22T13:50:00+00:00,SOLUSDT,V3_TREND_BREAKOUT,LONG,201.18054,198.61620278459603,205.027045823106,198.61620278459603,0.9941319374130321,-2.7892895241298996,2.5492895241298994,-1.0941438772365075,ok,SL,0
2025-07-22T15:00:00+00:00,2025-07-22T19:30:00+00:00,SOLUSDT,V3_TREND_BREAKOUT,LONG,203.22156,199.83360013007604,208.30349980488597,199.83360013007604,0.9841475481243229,-3.5742523991292803,3.33425239912928,-1.0719801536508378,ok,SL,0
2025-07-22T18:45:00+00:00,2025-07-23T03:45:00+00:00,BTCUSDT,V3_TREND_BREAKOUT,LONG,119462.60144999999,118809.47465138198,120442.29164792699,118809.47465138198,0.001674164111382659,-1.3334414464285096,1.0934414464285096,-1.2194904910399256,ok,SL,0
2025-07-22T23:00:00+00:00,2025-07-23T01:00:00+00:00,BTCUSDT,V3_TREND_BREAKOUT,LONG,120119.0295,119570.28088508791,120942.15242236815,119570.28088508791,0.0016650151173590692,-1.15367473945849,0.9136747394584901,-1.2626755339019675,ok,SL,0
2025-07-22T23:00:00+00:00,2025-07-22T23:40:00+00:00,SOLUSDT,V3_TREND_BREAKOUT,LONG,202.76133,200.591340872579,206.01631369113147,206.01631369113147,0.9863813775535997,2.970655297172775,2.1404368647818504,1.3878733570941086,ok,TP,0
2025-07-22T23:15:00+00:00,2025-07-22T23:50:00+00:00,SOLUSDT,V3_TREND_BREAKOUT,LONG,203.72181,201.9169593816805,206.42908592747926,206.42908592747926,0.9817309202190968,2.417816487571222,1.7718776583808145,1.3645504677680074,ok,TP,0
2025-07-22T23:30:00+00:00,2025-07-23T02:15:00+00:00,SOLUSDT,V3_TREND_BREAKOUT,LONG,204.46218000000002,202.43503371156044,207.50289943265938,202.43503371156044,0.9781760127961072,-2.2229058737802574,1.9829058737802574,-1.1210344894195399,ok,SL,0
2025-07-23T12:00:00+00:00,2025-07-23T12:40:00+00:00,BTCUSDT,V3_TREND_BREAKOUT,LONG,118573.0569,118215.86895910035,119108.83881134947,118215.86895910035,0.0016867238243564251,-0.8424774096882485,0.6024774096882485,-1.3983551850088252,ok,SL,0
2025-07-24T03:15:00+00:00,2025-07-24T03:45:00+00:00,BTCUSDT,V3_TREND_BREAKOUT,LONG,119094.81765,118765.02630723591,119589.50466414614,118765.02630723591,0.001679334197292841,-0.7938298798748592,0.5538298798748592,-1.4333460665831703,ok,SL,0
2025-07-25T21:00:00+00:00,2025-07-26T01:05:00+00:00,ETHUSDT,V3_TREND_BREAKOUT,LONG,3696.137145,3664.122090917153,3744.159726124271,3721.19,0.05411054626870454,1.115623669640641,1.7323520652449815,0.6439936153987696,ok,END_OF_DATA,0
2025-07-25T21:15:00+00:00,2025-07-26T01:05:00+00:00,ETHUSDT,V3_TREND_BREAKOUT,LONG,3720.2592,3689.3190844230703,3766.6693733653947,3721.19,0.05375969502340052,-0.18996047587221393,1.663331177404502,-0.11420484293971593,ok,END_OF_DATA,0
